Ticker,MARKETCAP,NMVOLUME_AVG_CR_10D,PRICE_HIGHEST_CR_52W,PRICE_LOWEST_CR_52W,OUTSTANDING_SHARES,FREEFLOAT,BETA,PRICE_TO_EARNINGS,PRICE_TO_BOOK,DIVIDEND_YIELD,BVPS_CR
A32,203320000000.0,212.3,38453.0,29900.0,6800000.0,0.3794375,-0.045452599890748326,3.9966733835733494,0.8811308602027473,0.06967316053511706,33933.66564544118
AAA,2831010228700.0,1311238.8,8850.0,6690.0,393742730.0,0.5128884436799633,0.6594388993369308,5.88150840575435,0.5042598450273732,0.040502603465566916,14258.521813510055
AAH,354407400000.0,394250.6,4700.0,3000.0,117900000.0,0.6426174724342664,0.37995535306990996,1356.8722943278253,0.2968426889824526,0.0,10126.575831475828
AAM,73262785820.0,14463.5,7490.0,6060.0,10451182.0,0.1931720886336928,0.17646235693574797,24.21233938358488,0.36983330851606244,0.0,18954.485273723105
AAS,1950855937122.0,408154.2,24100.0,7600.0,229999521.0,0.9753169312035219,1.2892842338141655,14.012202358690123,0.733062230828568,0.0,11570.641131535225
AAT,203959016640.0,27573.0,3950.0,2880.0,70819103.0,0.8315497726651522,0.4144006655762562,13.91287774294675,0.2807640896749958,0.0,10257.722073124818
AAV,476014860900.0,687322.8,9200.0,5400.0,68987661.0,0.7081662617899163,0.7587006949698931,16.367465236042513,0.6725654513062059,0.0,10259.224565578474
ABB,21247353050661.0,699522.4,15500.0,6748.0,1397208723.0,0.8753722066477536,0.7081016461777803,7.565034664872076,1.1868199017269458,0.0,12813.233059095352
ABC,218182689000.0,14676.5,15300.0,9600.0,20389000.0,0.9862320404060216,0.37489377128919227,2.164763715042364,0.3653369846206192,0.00037656516370095707,29290.765650546862
ABI,1967360232384.0,28645.0,22128.0,18900.0,101347632.0,0.8527072640434263,0.39556509795301925,7.333189595585636,1.0631454123700108,0.0,18259.02625749559
ABR,260000000000.0,870.1,16400.0,10785.0,20000000.0,0.512515,0.5277727686688974,19.124855643005912,1.1151716606559237,0.3076923076923077,11657.3981017
ABS,226400000000.0,161032.3,4170.0,2570.0,80000000.0,0.998463475,0.5645176738704756,111.0295325544295,0.5656767882395279,0.0,5002.8568589625
ABT,674836826100.0,4911.6,70530.0,41516.0,11777257.0,0.5251899135113577,0.4121026583762409,4.268264230882423,1.0610475478120605,0.05176357283564078,54003.23493339748
ABW,1083013050000.0,130213.3,13300.0,7300.0,101150000.0,0.536017380128522,0.9329027892192808,6.421104115403825,0.6709236370883825,0.0,15958.59708634701
ACB,117372603287150.0,15270385.5,29450.0,20177.0,5136656599.0,0.883325215254476,0.7955905174754044,7.215460432444053,1.1885706623879815,0.03805537131243822,19224.772008162814
ACC,1333499911100.0,10030.0,14400.0,12300.0,104999993.0,0.41602329440155295,-0.012723351914553345,27.302575622638717,0.9638048377336144,1.0798650888638968e-06,13176.941537110388
ACE,110895889350.0,1441.2,44261.0,34599.0,3050781.0,0.4205421496987165,-0.10387903672789833,6.454452932583444,1.5689955183902502,0.09625795475889747,23167.6888645891
ACG,5202184137000.0,9697.3,37500.0,33000.0,150787946.0,0.0822509074517698,0.2230986400212373,9.799118931675416,1.1999930287318323,0.05797235412238158,28750.167020936806
ACL,629495688450.0,5412.9,14895.0,9435.0,50159019.0,0.27132412617559365,0.20121660769182392,17.89107577535616,0.7732576842017101,0.04792282638866103,16230.035932919662
ACM,25551000000.0,71527.6,800.0,500.0,51000000.0,0.9875490196078431,0.04649346724089605,,0.07910413897224014,0.0,6333.42333927451
ACS,17280000000.0,35.6,7300.0,3200.0,5400000.0,0.5976418518518518,-0.341517859197199,98.76198728999925,0.5051248068339443,0.0,13462.019500925926
ACV,158539331961888.0,869371.8,67900.0,43200.0,3582324023.0,0.9998351925399533,0.7108591867328518,14.849680192966213,2.189145269836062,0.0,20216.109277806943
ADC,73194022400.0,41.7,21785.0,16300.0,3977936.0,0.76672048016861,0.1816879720150346,6.205724919312817,0.8395327405565797,0.08110692007821665,21916.953456516145
ADG,193493715050.0,2732.0,11250.0,8320.0,21380521.0,0.3795168041040721,0.12765138691503616,10.296316810966239,0.5540000518193551,0.0,16335.738544210406
ADP,535676512500.0,5670.0,27971.0,21597.0,23039850.0,0.42120790716953455,0.17164902302981397,7.62419173840787,1.908198716661132,0.1447792190627361,12184.265609758744
ADS,678385175760.0,83481.2,9760.0,7293.0,76394727.0,0.5644647568411364,0.41810027777743275,6.923996296222129,0.6946112748082487,0.04960151861706419,12784.128795564648
AFX,371000000000.0,59410.0,14300.0,7200.0,35000000.0,0.4129085714285714,0.2575862858436626,6.113263215807538,0.6878291732192536,0.0,15410.803165542857
AG1,65796749194.0,5097.9,13600.0,10800.0,4863386.0,0.3499999794381939,0.22962916497943275,5.895528064484917,1.1273774036818,0.09239411634267129,12000.4179219992
AGF,45875100576.0,231.6,2400.0,1632.0,28109743.0,0.20294016917906366,-0.10744995726123222,,,0.0,-6981.633716003736
AGG,1990968992250.0,176058.9,21550.0,12250.0,162528081.0,0.6554324418560015,0.6279451584426622,5.3242723850993965,0.5656297292851011,0.0,21657.277483421465
AGM,40604200000.0,54055.1,3900.0,1700.0,18200000.0,0.8383104395604396,0.43584188555603076,,9.327090832778532,0.0,-18773.636827252747
AGP,1149619878480.0,2251.2,42473.0,34500.0,30607558.0,0.4403140230919435,-0.053551475463585727,22.0904711939169,2.0328737367569807,0.010317779486975317,18476.307367676964
AGR,3344767518400.0,223607.8,20550.0,13400.0,228311776.0,0.999990460415184,1.0549544761049638,21.877806840728898,1.2762622113266906,0.0,11478.832382548677
AGX,2916000000000.0,2422.3,284700.0,133000.0,10800000.0,0.33298925925925926,-0.15513123726133937,5.574737851223308,1.8725855404936786,0.00729430658436214,144185.66957898147
AIC,901770883200.0,641.6,12200.0,8900.0,93934467.0,-0.05476742506692526,0.30312737591975336,27.544961545424414,0.7843890679553851,1.4611815756616791e-06,12238.824318426165
AIG,7687123886582.0,12454.4,50500.0,42300.0,170601298.0,0.5898613385696514,0.3351452325209252,7.665661201097006,1.2068026525070092,0.0,37337.50494034342
ALC,1320791331180.0,30800.7,30400.0,22600.0,56470620.0,1.0,,4.4653085646516,0.7860697580955177,0.023256518251491935,29754.356733767047
ALT,76298229700.0,985.9,15000.0,10500.0,5736709.0,0.3694988256827881,0.7047805342383664,6.760232252297649,0.3381700648911537,0.045112781954887216,39329.32385449567
ALV,69531109982.0,9307.2,10411.0,4706.0,9618358.0,0.9354808793767085,0.695686995252796,4.518466717173186,0.6154887767860179,0.0,11745.136991365885
AMC,53009876000.0,331.8,17000.0,10208.0,4274990.0,0.8784909438384652,0.313346346713692,8.250055809127915,0.9667510746031738,0.06938990010087931,12826.46621840051
AMD,179855361400.0,0.0,1100.0,1100.0,163504874.0,0.998776794874017,0.0,,0.10572681436866618,,10404.172362219611
AME,469440000000.0,20.9,9300.0,4500.0,65200000.0,0.8179723926380368,0.1722839361784177,11.629639151415036,0.5523054814323652,0.0,13036.26388303681
AMP,169000000000.0,1510.6,16500.0,11000.0,13000000.0,0.08876838461538461,0.36377752559540416,36.146054660678985,0.8179996257922378,0.0,15892.427808153847
AMS,579540000000.0,109493.0,10200.0,6900.0,60000000.0,0.18028805,0.21945214751207262,7.85731322624727,0.6589412995385623,0.0,14658.361840066667
AMV,209769040000.0,484323.6,2600.0,1600.0,131105650.0,0.9887252761417986,0.08148919087800952,15.541301408314165,0.13019101936874214,0.0,12289.634167993523
ANT,804124218000.0,15380.0,43393.0,25148.0,24003708.0,0.5191151717059714,0.3632650436307011,6.490719364388214,1.843900925768937,0.0,18168.00432812297
ANV,6203758975000.0,543100.9,32286.0,14231.0,266255750.0,0.31741627307414666,0.9512230296838051,5.837077180094707,1.7589991263277969,0.04289302656217395,13246.169171580332
APC,115476685905.0,315.0,8900.0,5600.0,20121395.0,0.1601877590777551,0.3633226454495961,,0.2151571332651074,0.0,26673.52884335306
APF,1573345902255.0,10238.8,52400.0,36686.0,32747339.0,0.7870028462465302,0.1683651382864335,8.358647746524488,1.289540131365867,0.04920136022793903,37257.46786112912
APG,1089038857540.0,361385.9,13000.0,4790.0,223621942.0,0.6398108509405576,0.5330099643260501,347.6603331575414,0.455888126922301,0.0,10682.44534657516
APH,1409651069040.0,227927.3,7390.0,5400.0,243884268.0,0.6522673914483181,0.5259211152926307,6.5690856586756965,0.5442359821297286,0.0,10620.392972514324
API,462461868000.0,62562.6,10400.0,5400.0,84083976.0,0.5822552444475271,1.0802747330924811,26.182536596929776,0.532939649572707,0.0,10320.117867773046
APL,17400000000.0,0.0,21301.0,11900.0,1200000.0,0.4556441666666667,-0.12853243973250789,5.340598311685495,0.9724280192177643,0.08275862068965517,14911.1293725
APP,20651366472.0,8579.7,7500.0,4200.0,4724632.0,0.7838985131540404,0.09278581774197751,5.726945691277019,0.47316199626008254,0.0,9237.85095706925
APS,481400000000.0,209839.3,13500.0,5300.0,83000000.0,0.7509235892184766,1.2463700337956287,20.57582798234963,0.6491792414825152,0.0,8934.358385759037
APT,21560000000.0,20.0,3600.0,2200.0,8800000.0,-0.24544613636363635,-0.108202478686423,,,0.0,-297604.45947386365
ARM,145608044400.0,5.3,46800.0,25204.0,3111283.0,0.19705825538853264,0.024638980457424704,22.27526545302428,3.4241984997591257,0.022167314541585863,13667.431956205848
ART,125999261700.0,0.0,1300.0,1300.0,96922509.0,1.0,0.0,,1.6262742308144313,0.0,799.3731778858511
ASA,126000000000.0,0.0,12600.0,12600.0,10000000.0,0.8998,0.0,,,,10402.0276469
ASG,1552417839900.0,710.1,17600.0,15500.0,90784669.0,0.6285167047312801,-0.14086145661986507,13.688524150285204,1.1201829287211638,0.0,15265.363862955759
ASM,2467596748980.0,635118.0,8482.0,5300.0,407194183.0,0.30192957594386854,0.7721137452652773,23.173879716264928,0.44520628391374206,1.3559829017375316e-06,13611.667712161301
ASP,297222754320.0,320511.4,7960.0,4370.0,37339542.0,0.5059109780310509,0.16844274591714506,5.302269274491387,0.7955125654189668,0.0,10006.127302097064
AST,3231000000000.0,12512.5,77400.0,56986.0,45000000.0,0.20400415555555557,0.41445589017628465,10.899855253526843,4.698067923800996,0.05571016984679666,15282.87823091111
ATA,4811999198.0,29325.2,600.0,400.0,11999998.0,0.8533939755656625,-0.45995203133865203,,,0.0,-40068.92385765398
ATB,6942000000.0,0.0,700.0,500.0,13884000.0,0.9016205704407951,-0.04981313713890855,,0.24438307590268185,0.0,2045.9681921636416
ATG,103511220000.0,10448.0,11500.0,2900.0,15220000.0,0.8580755584756898,-0.27908819888580505,2.921569227294232,11.694863072135034,0.0,581.5373773981603
ATS,95900000000.0,1.3,29900.0,13800.0,3500000.0,0.7567914285714286,0.03154072789377841,181.1223553657252,2.1587718359319865,0.0,12692.402014857144
AVC,3452394392000.0,468.5,58000.0,45500.0,75052052.0,0.1246722074967384,0.12102009486215701,13.308786865184443,2.770501956092272,0.06068204121332613,16603.48945029511
AVF,17335200000.0,0.0,400.0,400.0,43338000.0,0.8745630855138677,0.0,,,,-45240.23501869029
AVG,175031821800.0,91381.4,19100.0,9900.0,17679982.0,0.6076919082836171,0.17519603722506097,12.001941452186472,0.716728579641919,0.0,13812.76020128301
B82,2500000000.0,0.0,601.0,500.0,5000000.0,0.6576874,0.0,,,,10125.5964296
BAB,12007970251200.0,2696.7,14914.0,10150.0,1072140201.0,0.795811718657866,0.5499883863453885,10.036114599206336,0.8823636360643663,0.005690303904040038,12693.179480917534
BAF,10823170455200.0,1558574.3,39200.0,31350.0,304021642.0,0.6579241487025453,0.42878056093507055,54.06861247980361,2.666026121929738,0.0,13353.207497543875
BAL,14200000000.0,60.0,12133.0,6200.0,2000000.0,0.3058875,-0.21988533083223558,9.151667149730757,0.46448414352046474,0.07066408450704226,15285.7747655
BAX,273060000000.0,70.0,36910.0,30300.0,8200000.0,0.1815048780487805,-0.056691446118724856,7.072104249768883,1.1908206312101424,0.07549934080421886,27963.90919609756
BBC,1819010639000.0,3565.7,97000.0,48122.0,18752687.0,0.6482515279010416,0.15585192280546853,14.361894804812417,1.1911132234310045,0.015463917525773196,81436.42274459121
BBH,20145507084.0,630.2,17000.0,8400.0,2047932.0,0.9697162796420975,0.2629948926352635,27.742275926795088,0.26829975862394567,0.021629180054051202,36664.21487090392
BBM,17000000000.0,10.0,9800.0,4800.0,2000000.0,-0.04263,0.182735577549806,13.006663024260352,0.6801865757490847,0.023278388235294118,12496.5712395
BBS,78000000000.0,353.4,20581.0,9800.0,6000000.0,-0.13471183333333334,0.293475835850026,10.906747081176967,0.7085100908044689,0.07692307692307693,18348.362526833334
BBT,233240000000.0,618.8,18800.0,10321.0,19600000.0,0.7224194387755102,0.20643705312588786,12.311892558328951,0.8711421397755754,0.02093150831761276,13660.227713316326
BCA,1088150000000.0,25886.8,21900.0,8000.0,50000000.0,0.71482,0.5656711257083457,1135.6472563380128,1.1453333193578634,0.0,19001.4554123
BCB,12540000000.0,10.0,2200.0,700.0,5700000.0,-0.441140350877193,-0.0782888612410114,0.6473844325447617,0.16359726549528403,1.2805821224880383,13447.657534736842
BCC,887110646400.0,46274.1,9500.0,6800.0,123209812.0,0.3899905958788412,0.6702360170964443,11.250499614776146,0.4838410173970693,0.03388755125642465,14880.921090018383
BCE,379750000000.0,79420.8,11900.0,9571.0,35000000.0,0.5533247714285714,0.20690470128852967,4.442427970970992,0.8364665946377547,0.027363875378538512,12971.229299
BCF,1556555570000.0,115.6,46000.0,33105.0,37964770.0,0.3134315313908131,-0.05957399499008155,13.443369578715073,3.4319041211523977,0.04275154089102003,11946.720698663525
BCG,2226932929320.0,0.0,4090.0,2530.0,880210644.0,0.7104055141804988,0.16287877363139422,6.383493250719968,0.2591031393710171,0.0,11308.238129081294
BCM,54855000000000.0,308729.3,78640.0,50500.0,1035000000.0,0.03354188405797102,0.7674842691009918,16.08763377807145,2.5077077034454587,0.0,21134.839569691787
BCP,57600000000.0,1081.3,13400.0,7600.0,6000000.0,0.22695,0.24181551830393486,22.080168157040642,1.5387353658314906,0.006271840277777778,6238.889553833334
BCR,524022703778.0,483742.4,2700.0,1106.0,473799913.0,0.8840940057327533,0.14153779565813004,3.236647090472882,0.16195552464203242,0.0,10928.926345132106
BCV,38700000000.0,0.0,21500.0,21500.0,1800000.0,0.06605555555555556,0.0,64.13735903416416,2.483029218386368,0.0,8658.778495555556
BDB,8335907600.0,142.6,13600.0,7247.0,1126474.0,0.7273350294813729,0.07152270797994757,18.748163221465003,0.6798317696013686,0.10791664725266388,10885.045875892387
BDG,865517208000.0,1587.5,43700.0,30038.0,24799920.0,0.1062336894635144,0.03094737727002341,6.918070765044948,1.2636203884167283,0.07158723700384245,27619.054203239364
BDT,355077680000.0,18106.6,10200.0,6750.0,38595400.0,0.9769608626943005,0.23438306057851588,45.032341955983895,0.6551863825399097,0.0005733956580993771,14041.805881763112
BDW,326404040000.0,162.4,32711.0,24000.0,12410800.0,0.198066280981081,-0.11279441448007538,7.636531019377841,1.0863148715899817,0.041801083405707845,24210.291774341702
BED,76500000000.0,0.0,28601.0,25500.0,3000000.0,0.06622166666666666,0.027631291762297155,15.288413443487968,1.822922094929777,0.08609009803921569,13988.529773666667
BEL,109800000000.0,0.0,22200.0,11100.0,6000000.0,0.16406166666666666,-0.055032412393945976,32.4367221278545,1.7216806235156432,0.020954189435336976,10629.149071
BFC,3727353143600.0,393610.2,76100.0,41000.0,57167993.0,0.5987275257327995,0.4393808002017479,10.915806908087015,2.5050952755649383,0.043563059096453895,26026.95419849705
BGE,2455720000000.0,83911.4,6300.0,3300.0,730000000.0,0.8662191780821917,0.1098160190853161,29.391919064185373,0.35611858684725184,0.0,9266.576140310959
BGW,290391136000.0,100.0,20100.0,14300.0,18149446.0,0.2001602142566776,0.04566704218018731,15.977516625596586,1.4450864720476055,0.0351973203996144,11072.001786390614
BHA,1511400000000.0,330.0,27785.0,22000.0,66000000.0,0.23118077272727272,0.2532206269019752,9.049313425341971,1.4106649900124928,0.043668122270742356,16233.478651651516
BHC,4950000000.0,20.3,1800.0,1100.0,4500000.0,0.7954131111111111,-0.04755704898927715,26.90734992201353,,0.0,-17131.787310666667
BHG,98292073000.0,0.0,11000.0,11000.0,8935643.0,0.27120510521738617,0.0,79.66673467874483,1.0189243074350807,0.0,10795.69887550342
BHH,132000000000.0,20.0,25900.0,16800.0,6000000.0,0.35875,0.20250179875272661,24.32510748520502,1.5308514615980982,0.031818181818181815,14371.087301333333
BHI,810000000000.0,20.1,12400.0,6900.0,100000000.0,0.14896,0.01771065140952139,17.493449649750158,0.6716652765919721,4.154073209876543e-05,12059.57830826
BHK,55804000000.0,0.0,18100.0,10000.0,3986000.0,0.6480574510787758,0.09991856063824146,11.505585774167821,1.1053459809346153,0.06428571428571428,12665.717559458104
BHN,6756970000000.0,2670.5,37850.0,29000.0,231800000.0,0.447511561691113,0.18856443303745393,13.17413579341813,1.4084938150805613,0.03944173719877401,20695.866526281276
BHP,64255030000.0,2.6,9100.0,5500.0,9179290.0,0.9474431028979365,-0.040875761736350644,20.700781210423425,0.4120265840691929,0.022240072100192,16989.19504384326
BIC,4809195956600.0,77891.6,31596.0,19712.0,202067057.0,0.489605166071182,0.5192173974692834,10.15566019551878,1.4433609142347934,0.036566768559026866,16489.292293617164
BID,297705745280800.0,9087877.0,55000.0,34664.0,7021361917.0,0.878163830733638,0.8895066875461003,9.64550130548061,1.6093163774923658,0.010613208008531414,26346.59075928104
BIG,113989359370.0,955252.5,9800.0,4461.0,15989530.0,0.7459430639925001,0.8134713974219885,2.689082715262771,0.5523260342335583,0.0,12907.231522940325
BII,17304000000.0,587658.1,900.0,300.0,57680000.0,0.9736945214979196,0.2516036116702351,23.624942826348164,0.08545490364558453,0.0,8191.455026421637
BIO,111169500000.0,121.5,13900.0,10700.0,8551500.0,0.14706844195281477,0.49225068824671964,11.380837591631279,1.0966680815510077,0.06923076923076923,11854.088049698883
BKC,497679667200.0,28795.7,34900.0,17900.0,23475456.0,0.42352706588532296,0.7602628352410371,6.474212094451481,1.58608802466955,0.0,13366.219068715855
BKG,179738640200.0,66247.3,3450.0,2450.0,71609020.0,0.7255024576512847,0.469828520600217,19.83644460829688,0.2380296217060642,0.0,10544.90605837086
BLF,22712500000.0,10461.7,4100.0,1975.0,11500000.0,0.582388645009683,0.30646254902008147,189.44341470543486,0.19498961703889772,0.0,10128.744442869565
BLI,529255360154.0,10316.4,10200.0,8200.0,59999474.0,0.11676351666666666,0.37831166927817783,106.99037785691976,0.5664034149888615,0.0006673529520744535,15573.705536668538
BLN,33500000000.0,50.0,10976.0,6000.0,5000000.0,0.98696,0.005041966368544354,3.1200196668604945,0.5402098594887305,0.08955223880597014,12402.5874062
BLT,88400000000.0,171.7,36138.0,20400.0,4000000.0,0.43522,0.4164985396010695,11.30474819198421,1.161984184709807,0.037104072398190045,19019.19173325
BMC,162343453000.0,20987.8,20182.0,13000.0,12392630.0,0.5375730575350026,0.5388275144964187,14.096185208144625,0.7077263721423565,0.09923664122137404,18509.97859574602
BMD,16519680000.0,470.8,14087.0,6000.0,2753280.0,0.2560037482566248,-0.09440259011078221,2.8105733030363838,0.4443987648662705,0.08333333333333333,13501.38765980939
BMF,118860472500.0,572.0,9200.0,7000.0,15848063.0,0.18772628554038434,0.1922245295702004,4.905007261899998,0.5710526303559381,0.0,13133.640581123384
BMG,105840000000.0,20.0,20000.0,10500.0,5292000.0,0.415713529856387,0.11697531261291925,6.90291521855201,0.8739508987346781,0.07430529903628118,22884.58084882842
BMI,2175413195700.0,254124.6,20950.0,14450.0,150547626.0,0.8777544124143146,0.5379008373706999,8.622905174637369,0.7314113484733905,0.03048681010627925,19756.32457735335
BMJ,1102499769000.0,80.3,12000.0,9000.0,104999978.0,0.9997942856711837,0.04281142590969048,11.64546945487494,0.8338520671443095,0.0,12592.161624014816
BMK,121963766400.0,0.1,18689.0,11559.0,8023932.0,0.13400923636940093,-0.027703608125178417,12.168258215247787,1.3125130114294117,5.678184770840852e-05,10524.601483412373
BMN,15177250000.0,1310.3,9900.0,5700.0,2750000.0,0.9515272727272728,-0.04446625639194903,4.170972978072931,0.5104650025304751,0.12683457148034064,10811.710837454546
BMP,12279140700000.0,129491.9,188800.0,121200.0,81860938.0,0.3225548551618111,0.4526856128236723,9.856583530662238,3.8596489346237774,0.085,38863.638258493935
BMS,3140970706104.0,184866.9,15500.0,10459.0,203932652.0,0.8348150545308458,0.719679332515028,20.54769511367235,1.3974315053545268,2.8107680160286346e-05,11021.649319472392
BMV,96800000000.0,70.0,6900.0,4000.0,24200000.0,0.9992727272727273,0.10323329593752555,26.290675788795316,0.38698613227962575,0.01025,10336.287702190082
BNA,181246485200.0,82665.2,8500.0,5600.0,31249394.0,0.7610081014691037,0.5394726275220987,3.7265599105987843,0.3164950804238027,0.0,18325.719288380442
BNW,593280377800.0,560.1,28494.0,7824.0,37549391.0,0.10274025482863357,-0.3044565413038515,16.348863765830263,1.571071164495741,0.03505229269188886,10056.832788393293
BOT,110080554400.0,63909.7,5000.0,1700.0,59246800.0,0.5872131490645909,0.17342161573886453,0.43748779842494673,0.3353840365039732,0.0,-315.0947109379747
BPC,47500000000.0,0.1,14584.0,9558.0,3800000.0,0.7940868421052631,0.00073142488667333,27.67483783596672,0.5024999270819447,0.016329865263157894,24875.62550026316
BQB,22040000000.0,279.0,5100.0,3400.0,5800000.0,0.2743637931034483,0.25944176465683705,432.95372681323096,0.8317997075288367,0.0,4568.407473103448
BQP,307100000000.0,1553.7,33466.0,13087.0,18500000.0,1.0,0.521582420256978,,1.3985843386387249,,11869.144778324324
BRC,152831212950.0,2600.2,13500.0,11700.0,12374997.0,0.3229222601023661,0.3154510782310173,7.19663743831738,0.7067762770055578,0.09719451160058336,17473.704765989034
BRR,1917562500000.0,1230.0,21195.0,16200.0,112500000.0,0.024965333333333332,0.07783804395534197,11.950420461736051,1.2632054882569537,0.04106745216909488,13493.449924382223
BRS,118358675050.0,4531.0,39600.0,18465.0,4541950.0,0.8331113288345314,0.3952743323130348,6.8893887126244175,1.7393842902214656,0.05371637522398913,14981.73816246326
BSA,1337019500000.0,2771.7,26300.0,19700.0,66850975.0,0.15493199613019856,0.17883249295950657,7.899766023421489,1.3607667122253346,0.07499155771475285,14697.596450822146
BSC,38754188100.0,111.1,13600.0,12300.0,3150747.0,0.4692004784897042,-0.001956946203488456,16.006234295982626,0.9903972357931315,0.0,12419.259217893408
BSD,69000000000.0,0.0,23000.0,8400.0,3000000.0,0.3994333333333333,-0.18875735853235912,12.870245220033313,0.9940477213219407,0.028764855072463767,23137.722170333334
BSG,1050000000000.0,32.9,24300.0,12300.0,60000000.0,0.5062966666666666,0.20428982625242437,325.5572418616839,2.85404214422108,0.0,6131.654374983334
BSH,306000000000.0,1279.1,20500.0,15468.0,18000000.0,0.021616166666666665,0.10126075711939912,7.978173697436687,1.0373390442375576,0.05881576797385621,16388.084584722223
BSI,8575539707850.0,205172.9,57000.0,31850.0,245365943.0,0.23768449438980238,1.0817908033780146,17.10420529207641,1.526826710030119,0.0,22890.61343399642
BSL,568215000000.0,10080.9,13400.0,9000.0,45000000.0,0.24852593333333334,0.5199942991460368,8.369527128024737,1.0635945599602412,0.05386543825840571,11872.005062222222
BSP,137500000000.0,1585.7,12900.0,8100.0,12500000.0,0.42341504,-0.18073918929258628,10.772143943605291,0.7566245518878607,0.0880461709090909,14538.2541084
BSQ,810000000000.0,1961.3,22100.0,14500.0,45000000.0,0.2781880666666667,0.08989694050725512,7.847897420848541,0.9054701009810598,0.05729188827160494,19879.176552044446
BSR,129939426851700.0,13789289.5,37850.0,10650.0,5007299686.0,0.9999877119397962,0.8666347507846995,9.934505733289043,1.8901465588183008,1.472455317340788e-07,13729.094116502616
BST,11000000000.0,1843.1,16699.0,8400.0,1100000.0,0.9245072727272727,0.20167356530400526,7.042661382297466,0.7495220629468101,0.1,13341.83541
BT1,118001250800.0,3096.3,14300.0,8603.0,10000106.0,0.8176608327951723,0.00983669033288274,20.91547296952665,1.1373418708348237,0.04655945240200793,10375.068660172203
BT6,111878734000.0,0.0,3400.0,3400.0,32905510.0,0.22432423913158783,0.0,,,0.0,-32441.673875439097
BTB,33072271800.0,70.0,6300.0,3800.0,7691226.0,0.33066171765073604,0.07297204891762217,80.156418225346,0.28823564333313695,0.0,14918.349272404686
BTD,140429172900.0,4400.0,21900.0,14208.0,6412291.0,0.9220339501123701,0.38982939300846603,11.659137147592133,0.7401057272977514,0.03702058406127663,29590.36687901407
BTG,10353000000.0,0.0,11700.0,6000.0,1190000.0,0.01365546218487395,0.2654211652382828,43.29999929418355,0.6610767438588012,0.0,13160.347994117647
BTH,585000000000.0,3163.8,45311.0,22700.0,25000000.0,0.0499034,0.19762797649916763,2.8582089369834467,1.1382510694707537,1.0681815811965811,20557.85461364
BTN,12746213038.0,3423.9,3600.0,2600.0,4396762.0,0.8096323649612479,0.23227244004133343,,1.9127901868792465,0.0,1515.5870308649864
BTP,507474184000.0,29261.1,11846.0,7960.0,60485600.0,0.12488481555940588,0.2528467135319759,8.792373072155803,0.46033246009637835,0.039236372918627124,18225.957818059174
BTS,642511261600.0,4051.7,5700.0,4900.0,123559858.0,0.8928867820485841,0.30340597447281475,10.169917300948807,0.5835440491632369,0.014007690499599487,8911.06679513989
BTT,550800000000.0,10.1,49000.0,34000.0,13500000.0,0.9997237037037037,0.192055679716836,8.263918712680029,1.126316634930095,0.07351052197530865,36224.271874074075
BTU,54000000000.0,2521.3,17601.0,14100.0,3600000.0,0.5096388888888889,0.3265057391179003,3.816379088761008,0.8307847032012927,0.13325592592592592,18055.219291111112
BTV,381835980000.0,1164.4,18000.0,9500.0,24956600.0,0.89082,0.0428011646911332,15.215778437930718,1.4535289137368053,0.0,10526.106398988644
BTW,659880000000.0,200.0,70500.0,36577.0,9360000.0,0.6691090811965812,0.15463976031908835,14.956734300896704,2.3319249632184826,0.038678930957143726,30232.53368440171
BVB,8067923800000.0,959948.3,16900.0,11300.0,640820000.0,0.7696260775256702,1.1277749973413047,15.369435337462114,1.053727937362936,0.0,11948.05561624169
BVG,27556179048.0,17560.2,2826.0,2200.0,9750948.0,0.8757052134828326,-0.056565178791826404,8.530000467079187,0.5783103409324976,0.0,4886.649606581842
BVH,48993302424000.0,715408.3,86000.0,46215.0,742322764.0,0.6684789758111204,0.9039797985398758,16.597362482617356,1.9403018223336974,0.016435023185302967,34015.32650246059
BVL,1470565314064.0,1131.6,17378.0,10064.0,107293544.0,0.5807705261371551,0.6164012055005169,4.4521077275566485,1.1109977245434939,0.0,12336.658930270773
BVN,79500000000.0,51.1,25800.0,12500.0,5000000.0,0.09996,-0.05922053636098126,2.7704800751849716,0.5874101240109249,0.00010062893081761007,27067.9706564
BVS,1906083828000.0,105941.2,42185.0,24300.0,72200145.0,0.34864016895548694,1.2255333295092186,9.327752356836422,0.7132634433726868,0.02969767988609156,37012.972198837
BWA,34830000000.0,96.2,16572.0,9066.0,2700000.0,0.21748148148148147,0.10773458808757548,28.080210172114253,1.0579014793984536,0.03444554263565892,12193.952131851853
BWE,9523396014000.0,278505.2,50636.0,40820.0,218928644.0,0.45024744025612234,0.2999509929279707,9.008684823355708,1.5421864156177738,0.030021563398151048,28206.70676351058
BWS,3425795734584.0,2204.4,36500.0,30207.0,100357269.0,0.7525508790001051,0.1553480549763801,13.111025748539431,2.9646229188680646,0.06014921413288001,11514.449201193389
BXH,40662540000.0,0.0,20000.0,11100.0,3012040.0,0.7089475447496889,-0.11414730753906517,41.29545889775136,0.7355422499827083,0.007407407407407408,18353.806324949204
C12,15520000000.0,0.0,3200.0,3200.0,4850000.0,0.4372989690721649,0.0,,,,16302.933294639175
C21,306543134300.0,100.9,19000.0,14000.0,18138647.0,0.47039550492695864,-0.04295089150577421,26.73078171209322,0.34636551141645683,0.0,48792.38677917929
C22,68870000000.0,0.0,19400.0,13658.0,3550000.0,0.480627323943662,0.05974685391374452,8.273343353114958,0.9739913186543225,0.05154639175257732,19918.042007605633
C32,450874350000.0,180093.8,15300.0,8675.0,30058290.0,0.6912305390626013,0.05916694807743258,17.14273982385731,0.7954123988334857,0.0,18858.1420430437
C47,339073369770.0,27154.8,12700.0,6530.0,36342269.0,0.5664287774657107,0.386012942783915,5.817373389440615,0.7001040333742693,0.0,13326.590842553062
C4G,2487885150102.0,300056.9,10700.0,6500.0,357300754.0,0.7766648177854111,0.8874893822665753,35.13795575509688,0.6228053222415206,0.0,11180.05860152201
C69,1019699538000.0,526152.8,17900.0,5900.0,61799972.0,0.8344969638497571,0.520597541657324,25.26154538558215,1.432768173337635,0.0,11516.168705480966
C92,21251680000.0,160.0,5100.0,3500.0,5312920.0,0.042428457420778026,0.5073091177784091,12.062779575778519,0.32998598527408723,0.0,12121.726917213133
CAB,267384645220.0,4775.2,13900.0,6100.0,45745876.0,0.014180513233586345,-0.07430860329681274,8.915121501104819,0.5269516912959882,0.1721362005366091,11092.098377414393
CAD,10399963500.0,238.1,700.0,400.0,20799927.0,1.0,-0.36960684651472586,,,0.0,-72588.32678600267
CAG,96600000000.0,3092.1,8800.0,6000.0,13800000.0,0.7568985507246376,0.276984479474714,35.2359712910058,0.6696878987792125,4.3618530020703936e-05,10452.630266666667
CAN,135000000000.0,7.2,44400.0,25200.0,5000000.0,0.655108,0.16470733242321564,69.4206956030525,0.938738445218224,0.0,28762.0051544
CAP,676459449500.0,19122.8,47500.0,36800.0,15269965.0,0.6086232024762336,0.22523715647629233,9.060585899175283,3.1275509332293843,0.07462716764813261,14164.437588953217
CAR,83475060000.0,2.2,19382.0,14400.0,5565004.0,0.24696729777732415,-0.05568998931680004,33.13366785753661,1.4981423299632013,0.0,10012.399823432292
CAT,197548468640.0,57066.6,19700.0,12588.0,13873760.0,0.5601577272536893,0.3572010906073882,3.5162868654819457,0.7884876775077124,0.09064741631904558,18058.620833501518
CAV,4018511157000.0,11060.0,74332.0,51566.0,57489430.0,0.9980248263888889,0.3732257765670375,9.382119225063905,3.109115572953763,,22482.277792456804
CBI,597788487400.0,3.1,18400.0,11200.0,43006366.0,0.6522558078959753,0.2719562736181968,,22.01741413080724,0.0,631.3184608064769
CBS,131910393636.0,1444.5,30428.0,24500.0,5291868.0,0.4427257066880731,0.07491540911766273,,1.223887057967762,,20367.075407587643
CC1,14324619600000.0,505.5,42700.0,15592.0,397906100.0,0.9577195608018102,0.08145618415342058,61.118884853695555,3.234760400984821,0.0,11129.108662588987
CC4,526400000000.0,1303.4,16700.0,5800.0,64000000.0,0.265968765625,-0.5688436426957415,33.45097521717148,0.7149272358117199,0.060393360704787236,11504.667311578125
CCA,275281408800.0,783.5,16570.0,8754.0,18110619.0,0.4115352987106625,-0.06370562606151224,6.2037203042145865,0.9312854641925649,0.08798958696697864,16321.526088865323
CCC,332955944570.0,38940.0,18707.0,7550.0,41054987.0,0.5125464782146929,0.37270375381021653,8.184890701653703,0.5365918298416021,0.02417737280647225,15113.908839040674
CCI,444374660000.0,840.0,24525.0,17320.0,23388140.0,0.7400646435701902,-0.10027049152862272,8.968311836259792,1.2234437439342964,0.062374019650445416,15529.933512840269
CCL,295523833280.0,55272.6,7820.0,4780.0,59581418.0,0.7037038628385783,0.58353868117565,13.019938059277301,0.40595303669696015,0.0,12218.162081892713
CCM,212036443200.0,10.0,42799.0,31367.0,6199896.0,-0.010511137276407683,0.22938556443448446,7.775771587395788,0.3749287802328162,0.05847948736012376,91217.32393753057
CCP,37920000000.0,0.0,45500.0,15100.0,2400000.0,0.9866041666666666,0.05520324624178419,8.98697600824632,0.7303200867936658,0.0,21634.34949375
CCR,330123829500.0,450.5,14200.0,11556.0,24453617.0,-0.45910068628787815,0.03654164214434356,9.706160760162525,1.1085813608772552,0.037037037037037035,12177.725944550453
CCS,69852996000.0,1584.1,28600.0,8300.0,8029080.0,1.0,,6.1262184620840445,0.8224218935722324,0.04054150805500168,10578.512157806374
CCT,253472000000.0,10.0,16900.0,7800.0,28480000.0,0.009167837078651686,0.07016315939595169,47.15353606059238,0.9203935278075871,0.0,9669.776819487359
CCV,122400000000.0,0.0,71000.0,29400.0,1800000.0,0.2780561111111111,0.15522702905655875,6.972801989789584,2.549411373365772,0.0679858975,26672.823660555554
CDC,2015915650200.0,361210.6,20454.0,8153.0,105545322.0,0.9622362135576222,0.3869984529674031,140.4313980799631,1.8343250934083268,0.0,10412.549045224383
CDG,12127188500.0,0.0,3500.0,2532.0,3464911.0,0.7121384013541145,0.0574666786400395,1.2052386013420833,0.24706210139055163,0.17122754049712346,14166.478712440234
CDH,17400000000.0,1930.5,10963.0,6600.0,2000000.0,0.813175,-0.47871621301187584,3.9850172177966052,0.4384373743058445,0.06097560975609756,18702.7851195
CDN,2920500000000.0,13026.0,36000.0,29200.0,99000000.0,0.003046808080808081,0.22892869785825548,7.927126518663758,1.311853287561969,0.04067912617702448,22487.270702979797
CDO,46438333150.0,21531.2,1900.0,1474.0,31504975.0,0.9614341861880544,-0.04337607355359897,11.867157029301087,0.22657665756946774,0.0,6505.524513477633
CDP,251281440000.0,900.1,17700.0,9169.0,18208800.0,0.2483552271483306,0.211683007410487,6.831603786053546,1.065724020029941,0.06559668190376496,12948.943385560828
CDR,9838645852.0,3195.6,15307.0,4100.0,2133271.0,0.5246365792250492,-0.0015240313043142473,7.0685462957697744,0.38293080670309365,0.13466327276437878,12043.951333421774
CE1,67800000000.0,0.0,11300.0,11300.0,6000000.0,0.26806266666666667,0.0,,0.9186638114642378,,12300.473643333333
CEG,50160000000.0,0.0,13200.0,9600.0,3800000.0,0.40852394736842107,-0.46247338222569884,,0.7710941262516059,0.05,17118.532680526318
CEN,34935315960.0,3500.0,2700.0,1600.0,21712440.0,0.9169139903207563,0.05913491885069348,83.98566993133053,0.15944453224867888,0.0,10091.283641451628
CEO,9646254801000.0,10273610.1,31900.0,12111.0,567426753.0,0.8094241969802695,1.4892417494007406,48.015259609605096,1.5379456273116219,0.0007775038245125452,11053.706774872491
CET,43560000000.0,3316.9,13600.0,4100.0,6050000.0,0.5665289256198347,0.03713620861270474,380.9612038969943,0.6748261416445345,0.0,10669.414765785124
CFM,30900000000.0,70.2,10826.0,7315.0,3000000.0,0.2678,0.08126515056633063,26.34804300575671,1.0009673274394593,0.01182588996763754,10290.046156
CFV,218212500000.0,50.0,29300.0,17250.0,12650000.0,1.0,-0.13099328560368284,15.367541772336738,1.0664473498981377,0.0,16175.200774466402
CGV,32869847760.0,4612.1,3700.0,2800.0,9499956.0,0.571020223672615,0.09215338870237166,6.21586249055766,0.3720073194009312,0.0,9300.892266237865
CH5,44042910000.0,0.0,11800.0,7400.0,3732450.0,0.9095050168120136,0.038899482944316784,8.683587441321794,0.5556106798091798,0.0847457627118644,21237.89269862959
CHC,40389576000.0,1080.0,11600.0,4100.0,6731596.0,0.8512208694639428,-0.13700226732072696,20.14324579502325,0.4755211123276814,0.0,12617.736299088656
CHP,4414426128000.0,15810.1,30593.0,25586.0,157658076.0,0.5169164946551802,0.08999352617300975,10.283664740701745,2.1625725011490053,0.10805704889349096,12947.542792263937
CHS,309560000000.0,1312.2,12041.0,9600.0,28400000.0,0.7201091549295775,0.04205216484015652,11.363766666209642,0.9497894810058252,0.08265343915557566,11476.227330352112
CI5,9449727000.0,3442.4,8700.0,3500.0,2699922.0,0.3171551851851852,-0.3542836830259184,21.75726711988939,0.2635829724642377,0.0,13278.551217775921
CIA,184746305700.0,6768.2,10500.0,9100.0,18661243.0,0.36640797438688694,0.25028415450621483,9.880309403882572,0.5311968387012763,6.741921010439994e-05,18637.1591069791
CID,9531052500.0,3621.9,23146.0,8600.0,928500.0,0.2706229205175601,-0.06186023483988069,6.076701939609328,0.6527724868674727,0.14608216668620805,15725.233839526118
CIG,321551666100.0,46920.5,10100.0,5680.0,51039947.0,0.9892351573170717,0.4524361226555783,2.8476384803532615,0.8275945470733846,0.0,7612.423284177783
CII,12398128618950.0,16131496.0,30350.0,11162.0,671985291.0,0.8923654557042291,1.2970135962693647,97.64957401782222,1.3889243487234295,0.025918707964026157,13283.660853780504
CIP,9544500000.0,3338.7,3600.0,1900.0,4545000.0,0.47017953795379536,-0.05667155493841845,106.89392276942358,0.5268504930664929,0.0,3985.9505260726073
CJC,144000000000.0,0.1,25800.0,18000.0,8000000.0,0.644995,-0.05140428633089557,27.132397480079263,1.433511644169064,0.0,12556.577460125
CK8,15000000000.0,66580.0,5000.0,3600.0,3000000.0,0.8984,-0.022434216455905997,10.509625618969656,,0.0,-2535.1026483333335
CKA,218217225600.0,5451.7,66900.0,42300.0,3286404.0,0.45994223473437834,0.46527710197948646,3.34667624449654,1.5622035215776802,0.15060240963855423,42504.0649844024
CKD,788826000000.0,2441.0,32700.0,21634.0,31000000.0,0.9939096774193549,0.1259754737825714,6.492328258342357,1.3573459273701354,0.08252770572978071,18746.879102
CKG,1346238616320.0,38981.3,15900.0,8320.0,161807526.0,0.7920677929406077,0.6673255235266625,18.23710319501218,0.6701910602368484,0.0003175827775381341,12414.3703096542
CKV,69006400000.0,372.6,19000.0,11800.0,4012000.0,0.8782617283950618,0.06892034102223057,22.53992891978619,0.8796348882129292,0.033542541271534235,19553.567315802593
CLC,1423071756900.0,2660.1,58600.0,45976.0,26207583.0,0.3515181083276546,0.1880879692188855,8.04832986412278,1.4836881603657326,0.07366482504604052,36597.986996549815
CLG,10575000000.0,0.0,500.0,500.0,21150000.0,0.420840756501182,0.0,,,,1250.160686855792
CLH,273600000000.0,1497.5,22900.0,20200.0,12000000.0,0.3862816666666667,0.14175459307729033,6.572865825864564,1.330842681535274,0.10158404714912281,17132.002389416666
CLL,1016600000000.0,5440.1,33564.0,29100.0,34000000.0,0.8418341470588235,0.13032759345670897,10.089572315441131,1.600459044682099,0.08920764811135157,18682.14003935294
CLM,836000000000.0,322.3,87000.0,65000.0,11000000.0,0.9281233636363636,0.17580442271232086,10.501445535735593,1.0131079652118462,0.026215696291866028,75016.6839169091
CLW,579150000000.0,450.0,55111.0,39500.0,13000000.0,0.5600826923076923,-0.03394612488039668,9.865176126924563,2.077077746456015,0.04442359531900199,21448.402726384615
CLX,1281853200000.0,41085.6,17200.0,14800.0,86600000.0,0.4010549769053118,0.37561335479851454,6.235058807879312,0.6568446733788502,0.04727819379005334,22535.008046662817
CMC,45975123000.0,3641.0,11000.0,5956.0,5108347.0,0.20984420204813808,0.5180992905324496,5.424338481796971,0.6599627391150418,0.0,13637.133532823827
CMD,297108000000.0,5491.1,22287.0,18600.0,15720000.0,0.4229154302670623,0.10038858064431483,9.397137864018163,1.2165042284306504,0.09760598102373548,15536.320843193384
CMF,3150900000000.0,13.0,436334.0,291647.0,8100000.0,0.06997753086419753,0.08695906813087892,10.736645786047097,2.1472022581717316,0.00014376844711034943,181165.97936666667
CMG,6463000197000.0,252164.2,41773.0,27550.0,232900908.0,0.37596620495463146,0.6654156333913611,16.043561804622243,1.9793437777652705,1.084806480936581e-05,14019.798031916647
CMI,9600000000.0,2154.8,900.0,500.0,16000000.0,0.6807313125,0.09311412253021263,,,0.0,-8422.8358491875
CMK,11890397400.0,0.0,8300.0,8300.0,1432578.0,0.9623538823016967,0.0,12.436207928568123,0.6600769871611635,0.060240963855421686,12574.290819766882
CMM,1674089965800.0,451.1,25800.0,14000.0,97899998.0,0.10831101344864175,-0.4256975056142243,21.621761911731948,1.4110112491577467,0.0,12118.96787513724
CMN,312552000000.0,3656.8,88400.0,48850.0,4800000.0,0.17247916666666666,-0.12301859194690042,15.610991467738572,1.8478341596670596,0.020386304998848193,35238.55193354167
CMP,259243320000.0,0.0,8000.0,8000.0,32405415.0,0.009821043797772686,0.0,10.8845765450992,0.6678623830167393,0.00020747886580066942,11978.515639500374
CMS,173077000000.0,32300.9,9700.0,6700.0,25452500.0,-0.039630055986641786,0.6957204098139017,5.4422518182708455,0.5876067079155658,0.0,11572.366190511737
CMT,88061138000.0,1154.3,15500.0,11900.0,7277780.0,0.27900875,0.4099754027733661,5.216304675111701,0.32354444278528877,0.0,37398.262494744275
CMV,141252653040.0,340.0,10950.0,7440.0,18155868.0,0.16774951216873796,-0.0016433863416476235,8.932594009792941,0.5261495724108468,1.768703411977458e-05,14786.669813968685
CMW,201953700000.0,210.0,18445.0,11564.0,15534900.0,0.28511287488171794,0.07810454226140547,10.460820660559188,1.0875708370123522,0.050978796021068196,11953.244384257381
CMX,603242020800.0,53690.7,7860.0,5860.0,101898990.0,0.39636666663722575,0.6363632488277502,8.967593845819088,0.4716645410623449,0.0,12551.293312544118
CNA,34852956300.0,0.0,43900.0,43900.0,793917.0,1.0,0.0,,1.2325568025550848,0.0,35617.01976654991
CNC,348884777500.0,466.6,41988.0,30000.0,11364325.0,0.31384926073479946,0.049644323284170504,9.37264279804116,1.6395159769564422,0.035552595870996406,18725.038628163133
CNG,807283854000.0,12597.0,28716.0,23000.0,35099298.0,0.3874208912488381,0.425227028571661,11.266278611695595,1.2630785259480959,0.05217391304347826,18209.477500803576
CNN,462000000000.0,70.3,75000.0,33000.0,8800000.0,-0.19943477272727272,0.5151918453602423,12.385837269765215,2.7721258362502006,0.027714285714285716,18938.53421568182
CNT,393850824792.0,1623.3,12100.0,5900.0,65380283.0,0.3185884214947574,0.0484552990964965,23.299606911803213,0.5594835807418992,0.025467982135869184,10767.07200595935
COM,487161666000.0,10.1,40987.0,28200.0,14120628.0,0.16775047115468236,-0.04365791007500663,15.804046951950552,1.162031239554112,0.07212928136057405,29689.391150308613
CPA,212651910000.0,2.8,10000.0,4900.0,23627990.0,0.5455150438103283,-0.7560705808364869,,6.835151967782532,0.0,1316.7227360008194
CPC,70609085000.0,1120.9,18800.0,16500.0,4081450.0,0.4012993109538583,0.06036922530802155,7.556102325767476,0.8109525388528821,0.10404624277456648,21332.937713557683
CPH,1320000000.0,0.0,300.0,300.0,4400000.0,0.8119090909090909,0.0,0.11868567542378537,0.026145620311390474,6.519824242424242,11474.197071136363
CPI,178874500000.0,50.2,5000.0,3800.0,36505000.0,0.33757214080262976,0.15893853397235352,72.24130016914302,,1.9203407975983162e-05,-596.3151946308725
CQN,2328799514080.0,13214.1,32970.0,30000.0,75049936.0,0.2215569777434587,0.08702321611474746,16.750148949797374,2.1845200387507333,0.032226618090672565,14204.493183658411
CQT,190000000000.0,1190.0,9600.0,7300.0,25000000.0,0.14960344,0.008889441754577601,14.926340722347225,0.728797965547149,0.04174569783684211,10428.13009816
CRC,917619346400.0,2803678.8,12650.0,7877.0,106699924.0,0.8654259491318851,0.3520266477601762,15.972965977748736,0.755555813935741,0.0,11382.3490487116
CRE,3477588195000.0,133433.8,11600.0,6640.0,463678426.0,0.27092071260547657,0.7248816839524191,39.18641673806796,0.6092215919978095,0.0,12310.791505936919
CRV,19247196500000.0,1399.7,40757.0,25500.0,687399875.0,1.0,0.5840038016547333,252.37697457813235,2.5397271193148394,0.020961493482959972,11024.806479033765
CSC,596664328000.0,11064.5,24900.0,14000.0,41149264.0,0.34631343588551183,0.6926697800788268,11.19884904114852,0.9065262633744592,0.038343456322731596,15995.124008900864
CSI,268800000000.0,326.6,38000.0,13000.0,16800000.0,0.3591949404761905,0.652624049916283,64.79764943749623,1.6317565071115345,0.0,9805.384522916667
CSM,1227959354700.0,189565.2,17150.0,11500.0,103625262.0,0.9179018522362632,0.6025540914203978,24.986446014902885,0.8833031928666613,0.02533006628920468,13415.552095472627
CST,587000790100.0,20744.1,16400.0,12600.0,42846773.0,0.999673160916926,0.010685798416444845,7.244959827558648,0.5650856640694735,0.07274710507242296,24244.11177119453
CSV,2895097642000.0,341373.6,38900.0,25800.0,110499910.0,0.8543555193845859,0.7088532005415803,14.515773918280845,1.799783607693594,0.038167489896356314,14557.305604963842
CT3,71278023600.0,3710.0,8100.0,5000.0,8799756.0,0.7934215689382852,-0.12281598253839097,46.123444630110896,0.550493922236542,0.03217771987787432,13323.902808782424
CT6,61057590000.0,73.0,12400.0,6400.0,6105759.0,0.4989407469911157,-0.03291243230917859,11.391723017252989,0.8556939994179552,0.0,11686.42062092526
CTA,13359333400.0,0.0,1400.0,1400.0,9542381.0,0.6741821148347056,0.0,,,,4689.528391184548
CTB,334880000000.0,181.8,21334.0,15467.0,20800000.0,0.6888451923076923,0.24108414151530047,8.441776163346525,1.0192841825911205,0.0817009077878643,15795.398648365384
CTC,20539903800.0,0.0,1300.0,1300.0,15799926.0,0.7350588857188318,0.0,,0.19601144008404967,0.0,6589.98094029048
CTD,8588023296000.0,1522023.1,92783.0,66427.0,111823220.0,0.403048677870614,0.8355009590206596,10.186083544953426,0.9038289786707279,0.011627553129310934,84971.82742796175
CTF,1745682926750.0,317680.6,22244.0,18000.0,95653859.0,0.5742375223983384,0.17411211483696246,177.89991288437227,1.7413302694476955,0.02739543835090097,10480.49317249187
CTG,281163395859400.0,9782408.1,41500.0,25686.0,7766944637.0,0.863541795965553,0.9415583256774323,7.379116032662876,1.4999968062735003,0.008594632287086209,24133.384716953533
CTI,1367099934900.0,399601.0,27650.0,19950.0,62999997.0,0.8524770088481115,0.7267870310661901,9.807952949182734,0.825410078148236,6.782240100595297e-05,26289.962498014087
CTN,2435422500.0,0.0,500.0,500.0,4870845.0,0.5781147672327256,0.0,,,,-6724.115168312685
CTP,76229949600.0,51344.4,22300.0,4800.0,12099992.0,0.8764461993032723,0.18895035140156546,4861.564552378944,0.5128933813724595,0.0,12283.254627193142
CTR,9539782308600.0,288765.2,108000.0,78600.0,114385879.0,0.9965521705699355,0.656097299796467,15.193222221336834,4.3082856857044955,0.025557752635110273,19358.047744311167
CTS,5710818810300.0,468173.5,44900.0,23112.0,212693438.0,0.4155030733736222,1.2932314027846077,10.629923403195097,1.9646712965063433,0.0,13666.40824230788
CTT,79385231900.0,445.9,29800.0,13200.0,4697351.0,0.7977860287638714,0.08946411187007168,4.186062185265927,1.0186733600312838,0.05917159763313609,16590.205126676716
CTW,700000000000.0,140.0,31420.0,23000.0,28000000.0,0.2422378881055947,-0.04167786105554707,9.908551638089236,1.2879745563318779,0.05598754057142857,19410.321327464284
CTX,550128528460.0,31042.7,18751.0,4400.0,100406740.0,0.22437397130909736,0.8214995659787586,2.6665512526865953,0.44922030508133237,0.0,12196.688212942678
CVN,29967290919.0,48604.2,1900.0,1000.0,29699991.0,0.9723905640240766,0.40302853771711644,84.03979127429693,0.07599751161558349,0.0,13276.750495513617
CVT,985150315950.0,2380.0,29000.0,23850.0,36690887.0,0.9999296828119746,-0.04158041068322511,23.767985918010755,0.9547602185160741,3.594151209894864e-05,28122.244181613816
CX8,26721570000.0,1.0,10000.0,7521.0,2672157.0,0.41595048494530823,0.09050850658573088,38.780925542855634,0.9343210204133782,0.008006464814754522,10702.95945560085
CYC,10855710000.0,0.0,2500.0,1100.0,9046425.0,0.13949162536313855,0.18386493138613175,,,0.0,-16234.096705715241
D11,95334089600.0,1799.5,11800.0,8602.0,8218456.0,0.4655891568927302,-0.07661293555459642,13.097122610999376,0.4862477165462874,0.0,23856.153160764017
D17,223537250000.0,0.0,102281.0,33208.0,5259700.0,0.9615206190467137,0.0,12.896941628509207,1.6674779236911006,,22788.90740327395
D2D,1053039021600.0,50554.1,39450.0,33350.0,30259742.0,0.9395299246408765,0.34089455000610924,4.445409855904549,1.4593301793928166,0.24095822357510252,23846.55679119802
DAC,6331336200.0,0.0,6300.0,4500.0,1004974.0,0.21930418100368765,-0.05735358292919927,1.7259007103064552,,0.0,-2085.7224594865143
DAD,74547200000.0,283.9,17961.0,14900.0,4659200.0,0.59354,0.12614679205793242,7.205247161474825,0.8336664531835641,0.12483751904833448,19192.327985491072
DAE,28884870000.0,350.1,15700.0,11551.0,1925658.0,0.7601453632991944,-0.0014797616564954132,12.052049551876975,0.715573958188889,0.0043691953607546095,20962.19381427024
DAG,84439756800.0,0.0,1400.0,1400.0,60314112.0,0.9363073664449371,0.0,,3.096279318901408,,-1833.038032160699
DAH,229866000000.0,104021.8,4370.0,2700.0,84200000.0,0.7327790973871734,0.23702964066030494,426.03807838448205,0.27031043810480493,0.0,10099.499002482185
DAN,728881500000.0,0.0,39800.0,30100.0,21127000.0,0.29378935771214254,-0.048242872631629186,7.086993319443025,0.824124997678721,0.0,41862.581643773374
DAS,42000000000.0,125.0,16400.0,3382.0,4200000.0,0.5006995238095238,0.3476725249956067,5.108738851768571,0.8219150216377348,0.0768804,12166.70791595238
DAT,560749562100.0,850.7,15400.0,6700.0,69228341.0,0.20755963226101287,0.3459359025677099,7.299306639860738,0.5718637967657286,0.0,14164.211908169227
DBC,8659500007500.0,1868233.6,31262.0,22000.0,384866667.0,0.6106970625232141,0.7986935995831416,6.309078180642577,1.0733126398128983,0.0,20963.13708177539
DBD,4710289710700.0,28451.2,56300.0,47974.0,94489262.0,0.7999164640373534,0.15381804300987784,16.173853371837073,2.5926239445058563,0.039486083340584954,19227.6246254839
DBM,56111777600.0,11.7,34400.0,21000.0,1941584.0,0.3282658318860644,0.009949987708188411,12.0817238965467,0.807062524861233,0.039792387543252594,35808.87367427832
DBT,248230060600.0,14903.8,11963.0,10000.0,21967262.0,0.636677251812265,0.2213855244585338,9.179916901729095,0.870592086319995,0.0,12979.672314465044
DC1,39187731900.0,351.2,9500.0,5800.0,4504337.0,-0.006391839686950599,-0.14430137386391956,3.5417245780209328,0.6052271481596019,0.0008722978683030134,14374.76826090055
DC2,67828194000.0,285.0,7900.0,5900.0,11304699.0,0.3402036622116166,0.05006498778034742,16.094046409731316,0.5503103388196936,0.03161990292709253,10902.938899655797
DC4,862509481120.0,174237.1,14800.0,8710.0,98235704.0,0.5967672812728049,0.7316463163476005,4.542773175217528,0.6602490641360924,0.0,13298.012033516856
DCF,1738363624800.0,201.4,50000.0,30000.0,52998891.0,0.8856935704560308,0.23829602360374488,22.40563980706454,2.6464853187887147,0.0,12393.79631813428
DCG,177449896000.0,23.5,31000.0,12000.0,6824996.0,0.46117067321358135,0.020992176422195388,9.544183259890417,1.629383292928553,0.0576002949136696,15956.957526715034
DCH,28800000000.0,0.0,10000.0,8000.0,2880000.0,0.6326041666666666,0.12166327890219146,47.49606477374784,0.8851428328508848,0.015,11297.611672222221
DCL,2782863243000.0,836902.3,60900.0,20850.0,73041030.0,0.1952656335760873,0.3139162207832623,139.59627609165105,1.8554053642685087,0.0,20534.596230954026
DCM,21281880000000.0,3657770.1,50200.0,31121.0,529400000.0,0.9144097223271628,0.5008525594607035,9.109646551982978,1.8501188189880176,0.04975943807595946,21728.334195307896
DCR,27950000000.0,390.0,5400.0,3500.0,6500000.0,0.579928,-0.4584251191294932,57.46328215514306,0.36365883289556666,0.0,11824.269372923078
DCS,48247626400.0,75940.1,1400.0,800.0,60309533.0,0.992177163471439,-0.25619648637002723,,5.004840727844478,0.0,-40.829282942714876
DCT,14210743734.0,5650.5,1000.0,490.0,27223647.0,0.7063234033265271,-0.08417424947104749,,,0.0,-21175.768400648158
DCV,4726973164500.0,219.3,265900.0,95200.0,31201143.0,1.0,,40.40310278004846,,0.038943894389438946,25830.62494329134
DDB,110400000000.0,34950.0,13300.0,9000.0,12000000.0,0.85363625,-0.1472638726096913,40.23398413128006,0.7220001892045051,0.0,12742.37893225
DDG,55887920200.0,283789.6,3100.0,700.0,79839886.0,0.9871342000663679,0.2619094571881144,13.617272491533964,0.16281027223165448,0.0,4299.483014216728
DDH,15480000000.0,210.0,8700.0,3800.0,3600000.0,0.7578344444444445,0.3181473795594381,7.918632904012015,0.4010598216265162,0.06876967797157622,10721.592560833333
DDM,23056378436.0,1110.0,2200.0,1500.0,12244492.0,0.23372037801477316,0.09519437598157046,0.25757128325372425,,0.0,-59667.31315337541
DDN,118294251220.0,400.2,11100.0,5600.0,16116383.0,0.36274497820013335,0.24664544725722803,21.64690948689015,0.5645067809045369,0.0,13002.501029728568
DDV,3803532916800.0,466088.8,36000.0,21782.0,146109900.0,0.938993866945361,0.6166768704741582,5.97927995952346,1.5917676972961943,0.03457283343577136,16354.145170943242
DFC,364800000000.0,1893.6,32700.0,25887.0,11400000.0,0.2516382456140351,0.28601444819366484,7.723581009096201,1.4268840279735124,0.09645403618421053,22426.489730526315
DFF,37280000000.0,142745.1,1800.0,466.0,80000000.0,0.22508625,0.5438846231111397,,1.0064298305067496,0.0,-4210.8112208625
DGC,19824433158600.0,2853198.3,103379.0,49100.0,379778413.0,0.579415052668249,0.6061137275129916,7.553707072945949,1.2813656273077818,0.05747126436781609,40737.78700438142
DGT,329193000000.0,298500.3,5600.0,3800.0,79000000.0,0.8708860759493671,0.625125412998914,200.38656342488386,0.3293800410030501,0.0,12651.039775544305
DGW,9576604710000.0,1228533.3,56000.0,32000.0,221168700.0,0.7076738218430297,1.035403475919501,14.925548550486567,2.635992604124527,0.011442922968885912,16426.449729884924
DHA,674454143400.0,40813.4,69200.0,36944.0,14726073.0,0.7080574229564047,0.44727798091924303,6.045394822423653,1.30999934402399,0.06547994319875951,34961.84956804166
DHB,3513557600000.0,71530.3,16100.0,7300.0,272200000.0,0.023333945628214548,0.20803493418591856,15.806354675140916,4.09191157325905,0.0,3154.515870859662
DHC,3564215501400.0,266714.6,39700.0,23798.0,96591206.0,0.5580220315294542,0.613476389609154,7.838632935265692,1.5183906153678943,0.04967287450224544,24302.046934779963
DHD,1374641329152.0,2887.9,29088.0,19883.0,48594504.0,0.45888331322406334,0.05793914046402684,23.18628962501697,2.6758435096199635,0.004472737440385908,10571.619714793262
DHG,13323024634900.0,22765.2,108100.0,97700.0,130746071.0,0.48972319787720425,0.21001708953121,14.773951676547657,2.998693942848041,0.058881256133464184,33981.460576540005
DHM,234842753200.0,5890.0,7990.0,5750.0,34535699.0,0.7809442918760672,0.2092722397517914,34.817364019909,0.6469255014644287,0.0,10511.256681962626
DHN,163563400000.0,261.5,33250.0,19000.0,6290900.0,-0.023678487974693605,0.022304340269639403,10.121261396225155,1.8599083657054565,0.07689950746927492,13979.183318603062
DHP,109160300000.0,150.0,11979.0,10469.0,9492200.0,0.2758029750742715,0.11808143928354997,8.469483898904203,0.6327294261121175,0.08695652173913043,18175.225499884116
DHT,6340182660000.0,8682.4,80901.0,67600.0,90574038.0,0.3015282293865416,0.1900000758344807,153.13145355125505,5.808832050683334,0.0,12050.61523370527
DIC,25771545280.0,18204.7,1200.0,900.0,26084560.0,0.6988804942781571,-0.38030351515478306,14.541572191306727,,0.0,-2587.12416030786
DID,62490208000.0,1362.7,4900.0,3300.0,15622552.0,0.33429570277634535,0.3407368480437902,28.854286644515586,0.33341731080981524,0.0,11996.977572294207
DIG,11508430709950.0,9080236.0,24600.0,12600.0,796431191.0,0.7834577224638104,1.2580362510011254,16.597137888546932,1.1538986312688457,0.0,12522.763792613692
DIH,62047476000.0,4580.4,15946.0,8900.0,6894164.0,0.7251483909129051,0.2356887998105801,10.85886009840533,0.4766071629461797,0.16586083211507266,18883.476161721712
DKC,228854000.0,0.0,100.0,75.0,2288540.0,0.36900381902872575,-0.07039782976619388,0.05347907554112792,0.0070822990935927805,10.674058447743976,14119.708681954435
DKG,143750000000.0,400.0,10600.0,6400.0,14375000.0,0.04111304347826087,0.32795265554198805,339.84978868520096,0.8496639854973238,0.0,11769.35844132174
DKW,60418056000.0,0.0,13800.0,11400.0,4378120.0,0.4209841210382539,-0.027145049339493178,8.269325726507539,0.8633371577685355,0.042813322621373495,13204.57471037797
DL1,957182051100.0,569086.3,8565.0,4000.0,180600387.0,0.8516257885981163,0.7746455767204293,236.09170856731163,0.7730906099490107,0.0,6855.600018669949
DLD,45606333500.0,0.0,5700.0,4900.0,9307415.0,0.8225071085795572,0.01693689920481515,,7.983715112743609,0.0,-1308.1680619162248
DLG,796163855200.0,1052768.0,3720.0,2210.0,299309720.0,0.6817605388825996,0.6473846364869115,1.996016960912969,0.8310410673157819,0.0,3200.804514500899
DLR,61200000000.0,0.1,25200.0,13600.0,4500000.0,0.755,0.037746138738087257,2.926818845682215,3.7670857190732687,0.0,3610.217822
DLT,21500481600.0,0.0,14773.0,8144.0,2500056.0,0.6882385834557306,-0.06307519496526623,4.328018711899796,0.3624596848115586,0.10143893707013521,23726.776688202186
DM7,303598670000.0,10.0,25399.0,14500.0,15411100.0,0.2278119666993271,0.11513677240864331,6.196505039150557,1.0008358801799637,0.08370558375634518,19683.546913263817
DMC,1996829237500.0,791.7,63000.0,56600.0,34727465.0,0.2673610066268874,0.1169775678149765,9.7916707531693,1.1468320786883486,0.043478260869565216,50138.11617980178
DMN,113350000000.0,4070.1,11200.0,5100.0,12500000.0,0.2153024,0.03153666618009079,5.6158442437613445,0.6194881027577691,0.0,14637.89209128
DMS,36000000000.0,478.7,10700.0,4000.0,4000000.0,0.07377,-0.23842953367120165,7.890174319389953,0.7917084136978135,0.0,11367.82159225
DNA,1363175521400.0,270.1,30900.0,20999.0,56329567.0,0.9932049717335836,0.3764666986560804,8.337726053457471,1.5173734567603687,0.06193045229663262,15948.611656663365
DNC,511768731000.0,1598.5,65058.0,47258.0,10034681.0,0.29683086089134275,-0.011866945232319471,9.510511044663373,3.2479899694214263,0.032562775020344104,15702.01893483211
DND,88554600000.0,370.0,12900.0,6800.0,12834000.0,0.6778294374318217,0.45613424399932284,27.217732332142724,0.6553090881571779,7.067504116104641e-05,10529.382431432134
DNE,49652960000.0,162.8,9991.0,7500.0,5773600.0,0.12379572537065263,0.1573471083652249,5.43550661492476,0.5997408084847122,0.06239524429157899,14339.527806567827
DNH,19430400000000.0,100.0,59000.0,35590.0,422400000.0,0.9999588068181818,0.10553366973559981,18.503831208256663,3.622314525152819,0.07608695652173914,12699.0629004143
DNL,127576000000.0,0.0,40000.0,19605.0,4310000.0,0.2249663573085847,-0.2564268673006431,13.392741717082123,1.9621810673308282,0.033626461089860164,15085.254104640371
DNM,46227016000.0,295.0,14300.0,7400.0,5253070.0,0.5039506421958969,-0.30812426062902654,4.582118827432758,3.188062706079731,0.0,2760.2970240259506
DNN,255041868400.0,0.0,4400.0,117.0,57964061.0,0.6492991752251451,-0.2213975532623582,1.0897528492322748,0.28999383531767603,0.36363636363636365,15172.736327929128
DNP,2706547891200.0,470.0,22800.0,18100.0,140966036.0,0.6498737015821957,0.1136953649399513,16.949070306423273,1.1795111488346477,0.0,16277.930072106163
DNT,444136425000.0,0.0,61000.0,24665.0,7280925.0,0.14873637256314787,-0.15034626852731706,50.52967523005687,5.993460484327574,0.009857010302633926,10177.759603072413
DNW,3780000000000.0,250.5,35400.0,29500.0,120000000.0,0.689085975,0.16028046291249526,13.95315673543129,1.5455431515469802,0.05077580888888889,20381.184419516667
DOC,73000000000.0,0.0,10900.0,7300.0,10000000.0,0.99793,0.04541397256105822,11.423148729766227,0.6781366665852088,0.03986527397260274,10764.7917591
DOP,59943365000.0,10.8,18200.0,10882.0,4719950.0,0.4030771512410089,-0.06414393025912705,5.433938396666455,0.6861781562874362,0.09448818897637795,18508.312868356657
DP1,650349000000.0,1061.2,40011.0,29000.0,20979000.0,0.03511654511654512,-0.07164763794873348,6.256473677594059,1.0631909071834804,0.054903894155292,29157.51046265313
DP2,94000000000.0,10.0,4700.0,4200.0,20000000.0,0.05676025,0.0034218200042306713,,1.485591571710674,0.0,3163.7228492
DP3,1279246013500.0,11947.0,59700.0,46643.0,21499933.0,0.2743341572273737,0.1609764080678507,8.19643995683459,1.98261387398418,0.05036835438221204,30010.886527506853
DPC,16332144000.0,1224.1,14800.0,6200.0,2237280.0,0.486608739183294,-0.17228859048530384,3.881271109929091,0.5651440238430143,0.0,12917.061301222913
DPG,4334358376000.0,1021948.3,51500.0,30847.0,100799032.0,0.5584300154787201,0.928778327523272,13.07360275818072,1.4824833891874003,0.014534920404560473,29005.384015513166
DPH,153000000000.0,110.1,63743.0,41626.0,3000000.0,0.28677833333333336,0.056434509921959,5.900863413158297,0.6376852624055392,0.03516339869281046,79976.75813866667
DPM,17576061792850.0,4214627.3,34000.0,18454.0,679925021.0,0.9211279901492662,0.4820029637112149,13.838212866698116,1.5115491246791894,0.034147199198579996,17101.660526902422
DPP,84000280000.0,0.0,28000.0,20500.0,3000010.0,0.26356512144959515,0.08470521240760456,7.671742221948175,1.3601901482412797,0.05166662420649074,20585.357154809484
DPR,3614454771200.0,530485.0,47500.0,33600.0,86885932.0,0.44699210914834864,0.7127223140575647,11.015375257500212,1.3585555801533775,0.04794757398291165,30620.75678589717
DPS,9325577100.0,0.0,300.0,300.0,31085257.0,0.9102939055643001,0.0,,,,10471.520902465114
DQC,308650339200.0,101290.1,13000.0,8700.0,27558066.0,0.21718515239025019,0.4638522834405489,18.243452897109645,0.4021038283229917,0.0,27853.502531200847
DRC,1953530429950.0,243568.8,18200.0,12650.0,154429283.0,0.5538392287944509,0.5435411783839812,15.599172590692232,0.9944661661140546,0.03648549649765337,12720.392539276376
DRG,1386620000000.0,334.6,10482.0,8010.0,155800000.0,0.9998793324775354,0.0589728564499824,6.876601176636567,0.7906278634261855,5.841326390791998e-07,11256.876226739409
DRH,280816855820.0,437630.7,3950.0,2040.0,123707866.0,0.9429843218545373,0.7494814024461188,17.072733627305006,0.2182294715349435,0.0,10401.894776327319
DRI,1043173200000.0,848439.4,16000.0,10500.0,73200000.0,-0.11764188524590163,0.6410596456761828,5.799681093560326,1.340990566245711,0.03499248941211296,10627.218683497267
DRL,428450000000.0,4610.0,53868.0,45100.0,9500000.0,0.9692484210526315,0.08093803012562467,9.01819298613046,3.5715219257053055,0.11274218750145874,12627.669922842106
DS3,55482596000.0,3861.2,6900.0,5000.0,10669730.0,0.7313146630701995,0.12629704580848683,6.9166282460522135,0.559246317885909,0.0,9298.228407935347
DSC,3634055828550.0,13070.0,19135.0,11853.0,278471711.0,0.6663039499908125,0.8512059088023437,13.018703641176291,1.1700715544189455,0.09582276564500194,11153.164052843415
DSD,800076657200.0,82.0,16600.0,7949.0,58399756.0,0.3440712492017946,0.36572130019426086,43.66611503947995,1.3634905644990714,0.0,10047.740964773893
DSE,9592795654400.0,392283.3,30349.0,20263.0,428249806.0,0.4146320710767584,0.8180204890674618,41.57043961432783,1.7902198606048327,0.025000011325165668,12512.429614333556
DSG,201630000000.0,390.0,6800.0,2800.0,30000000.0,0.13547043333333333,0.03740018846780956,,100.46766352219197,0.0,-245.91320403333333
DSH,635845000000.0,412545.7,18200.0,9816.0,35000000.0,0.913,0.8504950639717714,2.9726531214779732,0.8827837411987757,0.0010113905857559624,20579.219068228573
DSN,468216598750.0,4094.7,44514.0,37800.0,12083009.0,0.606139993771419,0.2900817870288325,6.454076640339378,1.4001672995803947,0.10310312980974812,27675.26424278919
DSP,1519155200000.0,10.6,21600.0,11000.0,118684000.0,0.6496897222877557,-0.2505713265052158,176.80717360000318,1.7648703897287135,7.566705495264737e-06,7252.657234488221
DST,148207400000.0,66347.3,13600.0,4600.0,32219000.0,0.9893498452012384,0.44359979642363656,64.67189563948276,0.36983504231398123,0.0,12437.977675719296
DSV,17705937600.0,90.0,14400.0,7900.0,1229579.0,0.7978543875586684,-0.22388077643599869,3.903521101076978,0.8954897122193999,,16080.58674879776
DTA,68070701510.0,12470.0,5139.0,3426.0,19504499.0,0.8304926468503497,0.4624805516119279,15.024803617019511,0.32880376276626083,0.0,10614.233762528327
DTB,19778841864.0,2225.0,17069.0,9085.0,1558248.0,0.9196533542799349,0.4763993475402989,7.039104408248666,1.0514114130295498,0.07830064296053696,13030.103944301549
DTC,49130000000.0,211.1,6400.0,4000.0,10000000.0,0.6820878,-0.1031166572489251,,63.642850499131846,0.0,-1537.6893788
DTD,993622219500.0,373812.7,23200.0,14600.0,66686055.0,0.6452472109798668,1.0545375062552562,7.057882270822162,0.7442011212050101,0.0,20021.46943271723
DTE,187685781900.0,0.0,3700.0,3700.0,50725887.0,0.6901488188861045,0.0,,0.3695910772020725,,10011.064195624613
DTG,162329874200.0,637.1,16900.0,14100.0,9605318.0,0.8097281110318263,0.09824410230111154,8.779894792510149,0.7922577916642882,0.00020547589385121325,21331.44057125438
DTH,112074210000.0,0.0,15000.0,12600.0,7471614.0,0.1604218312134433,-0.049499684286383606,34.36884463012693,0.8798865765668145,0.026385030820203863,17047.651821815205
DTI,25804074400.0,14089.1,3600.0,1900.0,13488800.0,0.8859954184212087,0.6273189582889647,119.6945395252458,0.18975508010080855,0.0,10081.416523782695
DTK,7851825962500.0,6359.6,13500.0,10400.0,682767475.0,0.9998284921231786,0.5193664336127044,9.366278576635354,0.8545388458729043,0.043426140735095285,13457.550883193433
DTL,697256316000.0,850.0,15750.0,9250.0,60630984.0,0.007485691847352881,0.2579400349544552,151.1297198839297,1.1967170555695226,0.0,9609.623215846208
DTP,3554160198000.0,7249.5,125000.0,73156.0,32458084.0,0.1754487418296163,0.2436149392394318,12.710012615647608,2.830639414598441,0.0091324200913242,38683.83921854414
DTT,143879623000.0,50.1,27350.0,14600.0,8151820.0,0.4766766194543059,0.05503895858796096,9.36021295373502,0.9961120245587197,0.045288676910141754,17718.890611544415
DTV,222667200000.0,1170.0,45833.0,30756.0,5264000.0,-0.6123242424242424,0.31326136165263724,7.291575658967474,2.242152536109321,,18865.79941318389
DUS,34727440000.0,0.0,10300.0,6200.0,5601200.0,0.8430970913560016,0.064523722147526,,0.8693285615928847,0.0,7131.940987466971
DVC,150032013000.0,20.0,16886.0,8818.0,10793670.0,0.15630105422900645,0.10689391898007984,7.870209803849809,0.9079327515054518,0.050359712230215826,15309.503899878355
DVG,33684000000.0,2840.1,1900.0,1100.0,28000000.0,0.9389711785714285,-0.051856578627248955,78.0729680101538,0.11199290528166117,0.0,10741.751872357143
DVM,338816066400.0,214867.1,8500.0,5000.0,47057787.0,0.46585135845848424,0.5876687128539412,12.16647513374474,0.4364989947531491,0.0,16494.883348063096
DVN,4895472000000.0,21542.6,24200.0,20100.0,237000000.0,0.3498329113924051,0.40928711373042226,7.111877706064117,1.2622174429097683,0.04841208365608056,16364.850696708862
DVP,3012000000000.0,13469.5,80450.0,66700.0,40000000.0,0.16610925,0.18305746783875862,8.96648496210656,1.9717203358732602,0.06637244900398406,38190.000189175
DVT,3100230000.0,0.0,14100.0,6100.0,279300.0,1.0,-0.37206614068209887,,,,241823.47523809524
DVW,105525000000.0,0.0,46200.0,17500.0,2345000.0,0.23178976545842217,-0.1802207994957472,11.01244406722261,1.9015696909195008,0.06666685572139304,23664.65989381663
DWC,595728000000.0,150.1,20600.0,11828.0,31520000.0,0.23266814720812182,-0.3556485377924693,6.121978229871043,1.3560588455665674,0.0,13937.448261770305
DWS,505403535000.0,10.0,19713.0,13528.0,25918130.0,0.14249291904932956,-0.09635260537575098,9.868186771992638,1.2649070366676065,0.03333333333333333,15416.152677411526
DXG,17186335720050.0,15237350.3,24200.0,13050.0,1112384189.0,0.8317376265242616,1.1366914700138346,77.95954919787044,1.2078214116920785,0.0,12791.62618781163
DXL,65305350000.0,0.0,18100.0,13000.0,3957900.0,0.5271975037267238,-0.0645524765690218,3035.1759695477344,1.5803590653414041,0.0,10440.665265165871
DXP,904643008300.0,544911.7,15700.0,8640.0,59910133.0,0.7272850153746112,0.5215891492699263,5.826463182817914,0.9004083757146739,0.03310773271910115,16770.16830059449
DXS,4412765804880.0,3326916.0,13850.0,5840.0,579103124.0,0.3640972898636962,1.161778433081364,9.088399702212188,0.6955035353157007,0.0,10956.090965865693
DXV,38709000000.0,1230.0,4340.0,3560.0,9900000.0,0.7367676767676767,0.13531408967571812,41.65625381386926,0.39609372009372307,0.0,9871.40113979798
DZM,15648356500.0,0.0,2900.0,2900.0,5395985.0,0.8325564285297309,0.0,,,0.0,-1391.4880504671528
E12,5640000000.0,681.5,10500.0,3700.0,1200000.0,0.679505,-0.0006990577537970509,130.59209471119118,1.4045649152677886,0.0,3346.2319533333334
E29,47500000000.0,50.1,9500.0,7839.0,5000000.0,0.0978326,0.012100281551399604,14.979333692892634,0.8823742125743449,0.05291721252631579,10766.4071146
EBS,104638632000.0,50.2,12047.0,9806.0,9965584.0,0.1113560136695747,0.38769633119577007,14.551416213612676,0.8008493570081326,0.07618948229369053,13111.080015380934
ECI,16544000000.0,0.0,19100.0,7200.0,1760000.0,0.8393833333333334,-0.049523548583882686,4.964719320783064,0.5704373907711592,0.0,16478.583192613638
ECO,923309538345.0,11088.1,40700.0,10617.0,29999985.0,0.9501666417499876,0.26779669541439083,69.58278660779183,2.718259685209306,0.0,11322.317793058897
EFI,35175040000.0,13832.0,3900.0,1700.0,10880000.0,0.5835845588235294,0.6733190477097941,13.99026157951522,0.5180797429835532,0.0,6240.352076654412
EGL,107160000000.0,0.0,14100.0,14100.0,7600000.0,1.0,0.0,5.412650053727881,0.9241605982125897,0.09228434786300858,15257.088461973684
EIB,41259261445050.0,8844794.2,31100.0,19100.0,1862720607.0,0.7561782369528257,1.3249032832424694,55.188215038656516,1.560827117183936,0.0,14191.193730644114
EIC,905925481500.0,2606.3,26700.0,20700.0,36677145.0,0.445816270595762,0.14461754609149913,16.730705121475694,2.0490481372076,0.023948784268742307,12054.37761636027
EID,303000000000.0,5704.1,25883.0,20059.0,15000000.0,0.9200763333333334,0.21580805504250697,4.928577629035786,0.6441750087868358,0.09900990099009901,31357.93802066667
EIN,104391063139.0,4172.8,3700.0,2000.0,45407161.0,0.46876740433078384,0.6418245111381918,,0.42316373856072637,0.0,5432.8851706892665
ELC,1871150781000.0,331533.3,26750.0,16700.0,110067693.0,0.6943896789042358,0.5323923068133526,14.906498354768638,1.4134498748232942,5.1128322191582915e-06,12027.310131620547
EME,100177897000.0,10.0,31000.0,17500.0,3780298.0,0.05720501399625109,0.07725448150382791,21.99969083658487,1.2137664563687602,0.018032743789780294,21832.865672759133
EMG,27600000000.0,0.0,15300.0,9200.0,3000000.0,0.380775,0.05716615291962673,4.194495862985458,0.2752025895272695,0.0890440863095238,33429.91799533334
EMS,401092188100.0,175.4,25269.0,18400.0,20999591.0,0.0762088175907807,0.3058307176053793,5.769096759950587,1.1495155722760306,0.05170103972413917,16615.69487239061
EPC,60086400000.0,40.4,14300.0,6400.0,9388500.0,0.295226074452788,0.27357991416141636,,2.916469270993051,0.0,4183.140251584385
EPH,24550000000.0,11996.9,18165.0,9800.0,2500000.0,0.5468748,0.07836165637280743,3.6584456397983662,0.646765439258417,0.13238289205702647,15183.247904
EVE,415027281000.0,9650.0,11950.0,8635.0,41091810.0,0.07339756997805645,0.32940501731568295,10.569693789377663,0.437220666982883,0.05056175590298123,23100.463364865165
EVF,10153553456700.0,5889747.0,16250.0,9650.0,760565802.0,0.9818924950822335,1.0965327133565594,11.030620123999444,1.0010483624735282,9.346481545077065e-05,13336.019018115148
EVG,1375446452040.0,471670.8,11750.0,5740.0,215249836.0,0.5770989251764168,0.8156732425099926,16.024388561433415,0.5829518053202581,0.0,10961.455032272359
EVS,758082842800.0,144048.2,9000.0,4500.0,164800618.0,0.7226254454943852,1.1478164181168482,62.71350589299488,0.41623048736052226,0.0,11051.569117799061
F88,17364549827729.0,90475.7,273300.0,68349.0,110125951.0,1.0,0.5547154421638136,24.14070650577271,7.0904221537098735,0.0,22238.30916999754
FBA,3073410000.0,0.0,900.0,900.0,3414900.0,0.9999707165656389,0.0,,,,10798.938626899762
FBC,13690000000.0,0.0,3700.0,3700.0,3700000.0,0.267772972972973,0.0,0.17511681359116263,0.11534393409041958,2.8618933528122716,32077.97643783784
FCC,325039568000.0,110.0,54200.0,10000.0,5997040.0,0.6510128329976121,-0.2855775542669354,402.08293736335537,23.179997886147405,0.0,2338.2228189240027
FCM,145613871900.0,26116.5,4211.0,3150.0,46226626.0,0.5017751674110933,0.4167086534729846,7.810867828887863,0.2642583347970065,0.047619047619047616,11920.153823794106
FCN,2093938766500.0,712012.2,19217.0,11200.0,157439005.0,0.6623232406734277,0.8574419282011703,29.812148977132253,0.8174290545733381,0.03006648647382975,16270.52516128389
FCS,120745000000.0,15.1,10100.0,4100.0,29450000.0,-0.1658757894736842,-0.5956321948470198,158.83928561362697,1.9964703774115082,0.0,2053.624259286927
FDC,776332108800.0,22054.2,21400.0,14200.0,38623488.0,0.7190080669970698,0.2336195626675739,3.6962963139069602,1.155701423806337,7.485456203766385e-06,17392.035335389697
FGL,60172830000.0,0.0,10100.0,4100.0,14676300.0,0.03535863943909569,-0.21555811788729767,,12.276866462195324,0.0,333.9614398043104
FHN,30000000000.0,0.0,13100.0,10000.0,3000000.0,0.9176,-0.01225755440948215,10.78004339378545,0.29005551722621864,0.09753585,34476.15854933333
FHS,446301170000.0,0.0,49000.0,24530.0,12751462.0,-0.100702491996604,0.10886087889879166,7.326830687586595,1.7679595461702193,0.05714285714285714,19796.833064318427
FIC,2449576000000.0,10293.8,26200.0,11000.0,127000000.0,0.11745299212598426,0.5683357578903385,19.534442297821947,1.4677225162548382,0.025916445019464593,13141.448595622047
FID,46960320200.0,63191.4,2500.0,1400.0,24715958.0,0.9643752429098641,-0.019766577963797195,128.38663287750464,0.2258381390088291,0.0,8413.105104119371
FIR,416950758000.0,469947.7,9500.0,4840.0,70669620.0,0.7648289462996971,0.5722385205049485,22.120254835905232,0.5599481772619502,0.0,10536.689357307992
FIT,1444715394500.0,368366.4,5650.0,4140.0,339933034.0,0.6956680620807215,0.783788168884749,36.13252701986039,0.37303395130575606,0.0,11393.064854079466
FLC,2484992324500.0,0.0,3500.0,3500.0,709997807.0,0.7851398011430759,0.0,,,,10769.940927331625
FMC,2524011115400.0,29578.2,44300.0,33400.0,65388889.0,0.2309759537281632,0.5051934773050074,7.013143752505919,1.063438438866644,0.05181228291828465,36297.3526151056
FOC,1242734313828.0,10860.8,77536.0,61600.0,18419884.0,0.12074526528352807,0.3141012968111758,7.313748246734534,1.548680309764702,0.148219671292905,43564.187892497044
FOX,58413288255947.0,161037.2,100800.0,60200.0,738763463.0,0.6804197627202118,0.8518733020612506,16.50385429263764,4.957981684780916,0.0421443463465587,15947.82010645808
FPT,122482161999900.0,9352343.7,110945.0,71900.0,1703507121.0,0.8663088905279662,0.7272829562103507,12.64110446994192,3.3572444752625747,0.025983836746493735,21416.373019536088
FRC,75000000000.0,0.0,35000.0,23912.0,3000000.0,0.8074716666666667,0.1360459201063858,9.007223872448986,0.44248079835380727,0.018921401666666667,56499.62686066666
FRM,97110000000.0,0.2,12000.0,4700.0,11700000.0,0.6844776923076923,-0.6189549669420344,9.182456747410226,0.656944646166924,1.2502316960148286e-05,12634.245591965811
FRT,24693758825000.0,284050.7,175500.0,123000.0,170301785.0,0.5495487084882874,0.6781915644201564,27.009733647075763,5.537972820065881,0.0,26182.865953154866
FSO,70312075000.0,192.0,12500.0,5100.0,5624966.0,0.359356127663705,-0.21415968407177802,20.877550942080042,1.183730143094351,0.0,10559.839227650442
FT1,305141664300.0,288.3,55150.0,38700.0,7079853.0,0.40297927089729124,-0.034582239193905726,4.890770937236457,2.1753925007016366,0.0,19812.516585443227
FTI,14569823000.0,0.0,3700.0,3700.0,3937790.0,0.9970712856675567,0.0,3.65827905254628,0.11016965807249916,0.0,33584.56461365385
FTM,25700000000.0,34554.5,800.0,500.0,50000000.0,0.68007,0.4161768250050778,,,0.0,-20457.73678076
FTS,9182197238500.0,562031.0,44100.0,23950.0,346498009.0,0.8661580649948266,1.0231751169438312,22.74494754994106,2.027178720824035,0.016606233566913594,13072.355055714042
G20,7228800000.0,1733.8,700.0,500.0,14400000.0,0.47108777777777777,0.3430613339416346,,,,-10371.205334097222
G36,1142855658072.0,154840.5,14000.0,5717.0,103745067.0,0.39213934865934397,1.0441399902987034,46.90670084961924,1.0392294905458166,0.03458504001605938,10600.161081085427
GAB,2927143046800.0,0.0,196400.0,196400.0,14903987.0,1.0,0.0,,19.537453061016105,0.0,10052.48736294523
GAS,180247346773200.0,1636434.6,128700.0,56000.0,2412953106.0,0.999999492737759,0.537761916852002,15.535334034772898,2.604892361739861,0.027289298060338234,28676.76890921021
GCB,18204435529.0,12460.0,23100.0,4507.0,4039147.0,0.8745923334803115,-0.18430668264348973,2.02939463081447,0.21540196293078878,0.0,20923.671904736322
GCF,829510560251.0,37586.2,34900.0,16300.0,43246471.0,0.6276327379406287,0.36742300121370497,7.628686717289166,1.243810169373535,0.06207033504723598,15421.163512162646
GDA,2065317284052.0,31031.0,19200.0,13000.0,149098851.0,0.4136523694605802,0.625445201577005,7.900484836884279,0.5204850815204134,0.05542796541914658,26613.63503356575
GDT,456028533500.0,26411.5,21984.0,18100.0,24650191.0,0.5403221019093472,0.18698308273986775,6.087060905109915,1.3142386167715476,0.10818491525377326,14076.591392091039
GDW,332500000000.0,10.0,49500.0,29721.0,9500000.0,0.6382117894736842,-0.2910096513424511,8.252777137591723,1.765485508325524,0.08188693828571429,19824.57507294737
GEE,81983990144000.0,1301933.8,138160.0,44211.0,640499923.0,0.4985891356617696,1.3664967767693712,24.22020071609016,10.687791799053073,0.0208323642091601,11976.281200700472
GEG,5123809705300.0,669042.6,18000.0,13950.0,358308371.0,0.16039394457797918,0.5278809491547681,9.542318450601464,0.9908629067678503,0.007983555274835278,14431.865298748491
GEL,28925000000000.0,3981971.8,40600.0,31350.0,890000000.0,1.0,,152.60722231811417,3.0040314657446463,0.023932636202143476,10818.794799788764
GER,8800000000.0,0.0,4800.0,2900.0,2200000.0,0.08325,0.15960294429456628,11.640816808706635,0.4115434974066559,0.0011097727272727273,9719.507233636363
GEX,43834028879000.0,13955419.5,45106.0,18172.0,1308478474.0,0.7602651062030387,1.3858209388763076,29.423103130192345,2.2720907091555267,0.05337050510113572,14744.129653367152
GGG,58953509534.0,977.0,7100.0,1700.0,29388589.0,0.7046909601546368,-0.1798139567234051,,,0.0,-12368.228823677107
GH3,41400000000.0,0.0,5940.0,3600.0,11500000.0,0.9788705217391305,0.15558213541220633,4.233793019510279,0.346496617329937,0.11943321256038647,10389.711818086957
GHC,1282121250000.0,3530.0,29787.0,26900.0,47662500.0,0.3634158200974996,0.09634331601057076,7.590254342205918,1.1185985271647874,0.07434790882687577,24047.94870254393
GIC,177315440400.0,19442.9,13383.0,10000.0,13331988.0,0.27555440343930704,0.27448488062273957,12.482057763199032,0.4706693729784747,0.07185702480989355,28257.62788820392
GIL,1341070077600.0,136047.4,21400.0,12800.0,101596218.0,0.8954699143867848,0.5691878319348479,34.52937642972445,0.5376701698800238,0.0,24550.367008356552
GKM,50294779200.0,85958.7,6600.0,1500.0,31434237.0,0.8982737516421982,0.30747609138036003,7470.652616618892,0.16697189992736394,0.0,9582.450703956963
GLC,63000000000.0,0.0,6000.0,6000.0,10500000.0,0.6957142857142857,0.0,,,0.0,-1317.6925602857143
GLT,297523069800.0,3332.0,36300.0,17100.0,9326742.0,0.16079583079414375,0.1329526235502193,21.725053987910794,1.820939924905754,0.0,17518.425272404875
GLW,248400000000.0,20.0,13800.0,10900.0,18000000.0,0.06330555555555556,-0.009226652669803175,17.432782938546175,1.214734002122613,0.03624783212560386,11360.511828833334
GMA,1139999943000.0,0.4,58100.0,31700.0,19999999.0,0.6315799815789991,0.03377789265530948,75.7613959012958,3.5063664821550944,0.017533385964388595,16256.144441857223
GMC,141175108002.0,2877.5,5900.0,4100.0,33000259.0,0.5559118424688723,0.10841059206703527,,0.4199690685536288,0.0,10186.464481142406
GMD,34418155296300.0,1514735.9,84400.0,50810.0,426495109.0,0.8457872842804395,0.8528295971874601,18.24059622002731,2.619376512138884,0.024416871568661392,30808.85837756231
GMH,122100000000.0,1640.0,8159.0,6875.0,16500000.0,0.3581922424242424,0.1082771434872921,6.851709368594605,0.6757947738987694,0.0472972972972973,10950.069881878788
GMX,147261551300.0,736.8,17129.0,14200.0,9034451.0,0.52959168966729,-0.05650531120303961,7.836988906426825,1.268331783343217,0.10513621589154072,12851.526874958976
GND,270000000000.0,335.6,35800.0,21000.0,9000000.0,0.4100611111111111,0.033482354208139095,10.851588385205611,0.7681041981233491,0.06617398148148149,39057.20092833333
GPC,108144286000.0,12576.9,3000.0,1900.0,54072143.0,0.6866371654624452,0.8045092629628201,23.890400947667914,0.18422989257702194,0.0,10856.00155340616
GSM,846349184000.0,2266.4,32900.0,27714.0,28562000.0,0.0455965968769694,0.22760657239905965,7.492202921679146,1.441982824964627,0.0,20549.48192654576
GSP,752815107500.0,96871.1,13500.0,10350.0,67517050.0,0.38199934683165215,0.1834598061127754,7.767194251097162,0.8042207142101953,0.04076649391630335,13864.353159505636
GTA,82572000000.0,44.0,10500.0,8400.0,9830000.0,0.6842985576923077,0.07233648874886822,13.870060177866083,0.5152158632186418,0.05943183978830596,16303.845824008138
GTD,1146876000000.0,1433.7,167100.0,9300.0,9300000.0,0.804236559139785,-0.14222278769707875,,3.817482584757046,0.0,-1335.960021827957
GTS,316347380400.0,87.7,13500.0,9400.0,28499764.0,0.9765420513657587,-0.03954624894660725,6.713368190589155,0.9012794348890271,0.08101845751841731,12315.825226131697
GTT,13050900000.0,0.0,300.0,300.0,43503000.0,0.6130611681952969,0.0,,,,-23943.946734455094
GVR,142800000000000.0,4029130.1,45750.0,24894.0,4000000000.0,0.03226315225,1.0035677731449868,22.705495205825805,2.5338581512636744,0.011204004855532213,14089.18647722875
GVT,1023569820000.0,116.6,109425.0,58400.0,11605100.0,0.636607008987428,-0.2998353273927364,5.1858873133588075,1.4122379920459147,0.06575963718820861,62454.06262737934
H11,11728900000.0,1847.1,15700.0,6000.0,1060000.0,0.4838679245283019,-0.08038554269047636,89.1270595372922,0.47784792151082417,0.0,13184.11091981132
HAC,1291763900000.0,313.6,14200.0,8600.0,129176390.0,0.999938264960997,0.5660789756359198,21.317529917762542,0.974848470359365,6.183621480674604e-05,10258.004504344795
HAD,56000000000.0,390.5,15700.0,12957.0,4000000.0,0.30996375,0.028211720821182784,8.04594502077061,0.7644956097964942,0.08561596071428572,18312.7277915
HAF,258100000000.0,40.2,28000.0,11800.0,14500000.0,0.5307294482758621,-0.03991324367333553,,9.62951336051383,0.0025910984579620303,1848.4838572413794
HAG,20975458133650.0,3285606.9,18850.0,12750.0,1267399283.0,0.6978076298445439,0.7861068702778579,7.213840650922235,1.587666284180389,0.0,10424.104967716003
HAH,10641232656500.0,1016433.7,71000.0,49417.0,188340401.0,0.49834783456790027,0.8835669302386188,8.357355543234426,2.0853167312034175,0.01220670783103839,27094.205477071275
HAI,274024198500.0,0.0,1500.0,1500.0,182682799.0,0.916189104372109,0.0,311.0093893648928,0.1558617217699439,0.0,9623.915243372201
HAM,650569095000.0,990.0,58038.0,23845.0,14457091.0,0.6379815967126443,-0.3510811136457062,14.439678856134378,2.4045336186794737,0.017820550175381446,18714.647884487964
HAN,1168723728000.0,200.0,10192.0,8100.0,141048000.0,0.011157846974079746,0.47922969321107367,17.92982178551362,0.7744862417047341,0.035782041998551777,10698.70522394504
HAP,774377267960.0,11805.0,8050.0,5200.0,110942302.0,0.7239801442642793,0.17366356366219898,47.943657100757434,0.6479371276844393,0.0,10772.65015657418
HAR,327239587800.0,142722.4,6070.0,3120.0,95684090.0,0.6154768273538951,0.7094880518382246,27.50873115734992,0.2992774718005703,0.0,11427.522357175576
HAS,61620000000.0,160.2,8850.0,7410.0,7800000.0,0.922400125,-0.0761237207528561,233.42028842840972,0.4969038644354496,0.0,15898.447497435898
HAT,95251500000.0,90.3,45633.0,30000.0,3123000.0,0.33615113672750563,-0.18460947775291295,7.339385073200547,1.262440855678214,0.12839524742392508,24159.547643611913
HAV,9563794000.0,10.0,5000.0,2500.0,3297860.0,0.2116099531211149,0.06658100337208275,,,,5625.816400938791
HAX,1112000698350.0,223175.7,17600.0,9850.0,107439681.0,0.6774359186714264,0.6448728485073013,208.81899450430646,1.0067830184040338,0.0964954987521299,10280.268747884686
HBC,1770093250460.0,1703972.3,8600.0,5000.0,347213270.0,0.7480025259403248,0.7709120921822402,6.62712772443259,0.9112029867668776,0.0,5594.801678700241
HBD,36183600000.0,0.0,24292.0,12520.0,1904400.0,0.10524737705733181,-0.18316286372902357,9.100926055520592,1.0605036729794521,0.06842105263157895,17916.01527095148
HBH,89600000000.0,20.0,6200.0,4706.0,16000000.0,0.714875,0.42350411038808544,68.22918781497036,0.525554939389418,0.017857142857142856,10655.403613
HBS,131999920000.0,6725.8,9000.0,4000.0,32999980.0,0.5604101881273867,0.5121430939509803,27.885669953121756,0.38095976045635915,0.0,10499.79660636158
HC1,107200000000.0,2990.0,16529.0,7900.0,8000000.0,0.734968875,-0.13961913345305665,8.14669761619687,0.4887329554819276,0.07557814093283582,27417.835956625
HC3,537828642000.0,580.0,28000.0,22631.0,20685717.0,0.3349321659964699,-0.04071544840369918,11.34793460781938,0.9313790664559306,0.07692307692307693,27915.59412961127
HCB,94626786800.0,28.6,28645.0,11400.0,5199274.0,0.17070729490309608,0.4205379456630612,4.051874194826978,0.6354901142958997,0.10981907080881669,28639.312540943218
HCC,172089640800.0,1630.3,31500.0,16334.0,6518547.0,0.37650818751183157,0.17620509458068268,4.674814351895097,1.5228559756421285,0.07575757575757576,17335.848184112194
HCD,293822587200.0,73399.1,8460.0,6800.0,36958816.0,0.6762464739130172,0.3488669840108374,15.179640592247802,0.5769787935795474,0.0,13778.669317599351
HCI,38193600000.0,0.0,11000.0,6600.0,5232000.0,0.726348623853211,0.2043876205120596,,0.6172320872016378,0.0,11826.993689029052
HCM,30184788954450.0,9492819.3,29207.0,19100.0,1079956671.0,0.6337280660458922,1.134312154552629,24.29133001009395,2.095878075092284,0.023850579844251815,13335.69940549587
HCT,21373681000.0,0.0,12000.0,9900.0,2016385.0,0.6077832358403777,-0.028908806134407473,68.75291461992559,0.543564433201284,0.0,19500.907992769236
HD2,103067059500.0,470.0,18300.0,10100.0,8962353.0,0.4896699560930037,1.0404580615150605,8.54981096999519,0.847302190844546,0.0,13572.489395474604
HD6,136170720000.0,3841.8,14700.0,8900.0,15120000.0,0.7130489417989418,0.47841314531199847,55.40859501825246,0.49571597113581706,0.0,18167.661573148147
HD8,69000000000.0,42.0,7882.0,6100.0,10000000.0,0.89989,-0.246754340910141,28.738793415278188,0.618158162914739,0.021739130434782608,11162.1918369
HDA,193199769000.0,71841.5,7100.0,4100.0,27599967.0,0.6604897027594272,0.37413667065738115,5.223883605017258,0.5710489826514603,0.0,12258.142843540356
HDB,136894307434050.0,12615299.5,29700.0,16347.0,5005276323.0,0.7988695522958285,1.1043829059359132,8.02603730345651,1.7040406592052308,0.0,16050.086511877078
HDC,3705447292050.0,2382536.9,37502.0,16300.0,199754571.0,0.773483721681643,1.084310440167039,5.426318932805091,1.2574730473359461,0.0,14751.807236981826
HDG,9286072178500.0,2250140.6,35057.0,21560.0,369963035.0,0.5735078046378336,1.0470800297843665,13.95824966647779,1.3908368264618012,0.0199203187250996,18046.689246683793
HDM,715426820400.0,706.6,41300.0,30560.0,20096259.0,0.28742309700526847,0.525277924309312,4.575117940290686,1.285106477876043,0.042158793715807975,27701.984709343167
HDO,6727951600.0,0.0,400.0,400.0,16819879.0,0.7522058972236771,0.0,,,,-9250.465622017851
HDP,262268635200.0,420.1,28600.0,18100.0,9934418.0,0.3700037586499783,-0.021423066273957923,13.026175316321234,1.9457753706245349,0.056818181818181816,13567.855980994558
HDS,42852269200.0,0.0,8300.0,8300.0,5162924.0,0.8718749297878489,0.0,,1.0774067881437999,0.0,7703.6826678060725
HDW,542001990000.0,270.0,18400.0,13180.0,31882470.0,0.2109275410593972,-0.04134880769881314,9.892212733941607,1.1822256586067685,0.04757385916424403,14379.657450536299
HEC,378000000000.0,1480.8,69800.0,58916.0,6000000.0,0.356885,0.08942406186525609,7.332345150384142,0.9470926557778458,0.07174971164021164,66519.3628265
HEJ,61903600000.0,940.1,17900.0,9200.0,4400000.0,0.48169772727272725,0.5045378285840477,124.23170900627768,1.0208214661748143,0.0,13782.037766818183
HEM,603366788850.0,9200.7,19924.0,12781.0,38704650.0,0.08917310338892878,-0.46666017385345193,11.69150331150487,1.1070133092409233,0.2243160495839744,14082.03484986946
HEP,88332000000.0,284.7,17601.0,14700.0,6000000.0,0.11185,0.012552206126783656,5.620718011591085,0.3132718206274737,0.08151066431191414,46994.33217616667
HES,218490075000.0,0.0,30300.0,11400.0,9297450.0,0.581975165233478,0.15091938584623588,24.23777411314705,1.8638898062083105,0.01684830352133844,12608.041484923286
HEV,35000000000.0,55.1,21900.0,6500.0,5000000.0,0.96583,-0.09302420295652626,107.99897572691431,0.538082937801499,0.0,13009.146933
HFB,91910000000.0,0.0,10500.0,7401.0,9100000.0,0.7017142857142857,0.0565498007574875,12.082442935441666,0.9035546428824461,0.05788922646066805,11178.073268241758
HFC,78525408500.0,0.0,10000.0,6100.0,10198105.0,0.5042615270189903,-0.20267378839940647,5.500642520843709,0.8005445928516635,0.0,9618.452324524998
HFX,7112000000.0,0.0,6400.0,4700.0,1270000.0,0.3830944881889764,-0.012143831745871652,,,0.0,-199390.1302574803
HGM,2242800000000.0,4425.1,328770.0,171000.0,12600000.0,0.8241428571428572,0.4548959877174405,4.715189611057838,4.323197280607313,0.12247191011235956,41173.23093222222
HGT,242000000000.0,0.0,14900.0,10700.0,20000000.0,0.059465,-0.0948896917648427,4.070381843162955,1.2640403081352103,0.0,9572.47955
HGW,199648285275.0,270.0,10756.0,7800.0,24878291.0,0.48610505440265167,0.34131295758708824,9.403263970965014,0.6001143443543522,0.01206318222409286,13372.451559433886
HHB,301000000000.0,0.0,30100.0,12000.0,10000000.0,1.0,-0.14903708047808387,18.412818244597368,2.4198040138832018,0.027970895348837208,12439.0239157
HHC,1314000000000.0,1861.9,167000.0,80000.0,16425000.0,0.4711537290715373,0.25402023975858434,22.32212058173841,1.9229152931788547,0.0,41603.496671841705
HHG,30638998812.0,94861.4,1800.0,878.0,34896354.0,0.9801615091364559,0.5044769904052482,,1.9788951233170122,0.0,443.681926169135
HHN,288000000.0,0.0,200.0,200.0,1440000.0,0.11668055555555555,0.0,0.0568358747986472,0.010036840818768709,1.4558135416666667,19926.588815277777
HHP,1229071670600.0,1253447.9,15000.0,8530.0,86554343.0,0.7887847984704823,0.4397591360367182,25.057120501282498,1.2494432413239918,0.0,11365.062077532031
HHR,690000000.0,0.0,500.0,400.0,1380000.0,0.8920826086956521,0.0,0.14433569307325628,0.034461231145975886,,14509.057957971014
HHS,5594218285600.0,3018809.4,19700.0,9820.0,431985968.0,0.41681878426199254,1.0499148852942897,1.5865730645481066,0.619043807200001,0.0,20919.359582279303
HHV,6757503755600.0,6543641.5,16353.0,11000.0,547176303.0,0.8632620097219378,0.917555187583696,10.996768636902392,0.5984244975851557,0.0,20637.14668704869
HID,336960249190.0,471733.1,11150.0,2520.0,76756321.0,0.6379206615845611,0.2785681062844497,14.392273829792128,0.45238213382359566,0.0,9704.185182768204
HIG,286499681000.0,10413.3,15100.0,8200.0,22559030.0,0.20437651796198683,0.42636511564464175,11.289382334400594,0.6787602343964151,0.0,18710.583437896043
HII,478072973840.0,474981.0,9230.0,3883.0,73663016.0,0.4514539290652992,0.4760699794900727,3.6575813135445796,0.4916729159272617,0.046191746162983646,13199.83222537345
HIO,352800000000.0,32063.0,9200.0,6400.0,42000000.0,0.29379285714285713,0.5062183080200495,3.978061737591243,0.6365620330244037,0.0,13195.88596902381
HJC,84830143200.0,290.0,8500.0,5700.0,12853052.0,0.7899452207926958,0.12816386218005277,4.618377275085311,0.43451632491435954,9.3905299454923e-06,15189.302729421775
HJS,608997100000.0,250.6,29400.0,24973.0,20999900.0,-0.03780141810199096,-0.018097178391278782,15.4187025523732,1.9425624597561677,0.06889129685510818,14928.734905975743
HKB,30753599404.0,7562.2,700.0,500.0,51599999.0,0.7709457319950723,-0.30643197754156615,,2.2178303874197174,0.0,268.73110016920737
HKT,743371146700.0,4503.7,23500.0,7900.0,33335029.0,0.95798305740187,0.08387402754800977,138.58241753199084,2.1346071007060234,0.0,10446.887388608542
HLA,13777197200.0,0.0,400.0,400.0,34442993.0,0.40436868510331886,0.0,,,,-46986.04614482835
HLB,1236000000000.0,14.6,430000.0,292440.0,3090000.0,0.10928673139158576,0.16606456093785565,7.949297298547999,1.8508347798502507,0.027398098665048543,216118.69646860842
HLC,299899348200.0,8154.1,18500.0,10800.0,25415199.0,0.9994427743807948,0.03910160350251084,3.800452200186732,0.6726054697827563,0.06779661016949153,17543.716978411227
HLD,901999360400.0,7117.6,24800.0,11224.0,54999961.0,0.40307117672319803,0.7039969563318763,30.854478633436322,1.335334025014229,0.016175721248327394,12281.571271895993
HLO,189998993000.0,0.0,21000.0,15000.0,9999947.0,0.11099648828138789,0.02756555393923631,9.151414856135665,1.1765659089379172,0.0,16148.691591065433
HLR,20625000000.0,770.0,18000.0,8000.0,1650000.0,0.9801848484848484,0.20062265129450754,6.564622000182865,0.965377873885823,,13362.643115151515
HLS,323904625000.0,0.4,29000.0,15000.0,11169125.0,0.11478956498382818,0.3541373497075375,7.612632388706435,1.806453621052095,0.05174189818993786,16053.55358257697
HLT,58300000000.0,0.0,10600.0,10600.0,5500000.0,0.6875009090909091,0.0,,1.2418728502401235,0.0,1211.4938412727272
HLY,11498907500.0,30.0,12600.0,9400.0,999905.0,0.6807696731189463,-0.0829250279727445,,,0.0,-53144.93675099134
HMC,311219988600.0,5320.1,12300.0,10700.0,27299999.0,0.3127589125552715,0.17404291475257141,9.96864835250462,0.7271112090373469,0.07014674384574539,15678.481996024982
HMD,116300052500.0,0.0,28258.0,10103.0,6964075.0,0.7105095795206111,0.17771817488497701,7.710357720072073,1.93193072442061,0.04277255162889974,8644.202294059154
HMG,42300000000.0,0.0,12973.0,4700.0,9000000.0,0.10221666666666666,0.06015587989822642,2.2988265246432813,0.36226924903244895,0.1684340425531915,12973.775755333334
HMH,228396778500.0,322.0,22158.0,13021.0,13842229.0,0.415294386474895,0.44476541071006176,8.127892747621248,0.9590683704490974,0.057562269018606144,17204.195767892583
HMR,54440706800.0,260.2,12900.0,9200.0,5612444.0,0.25104143578091825,0.5914463103962145,16.256697770320542,0.9678162030928747,0.05263647730598531,10022.564169727128
HMS,377553122250.0,5731.3,49000.0,30179.0,10919830.0,0.5778578054786567,0.23043254225698542,2.7716514564669885,0.5857884911566453,0.028922631959508314,59023.01004878281
HNA,5104538957000.0,1782.2,25450.0,21000.0,235232210.0,0.18622260531412768,0.21734900089723352,9.629733624622345,1.4434931319111708,0.04590720351514794,15032.97765696288
HNB,114950000000.0,2.6,18600.0,10700.0,9500000.0,0.8335637894736843,-0.11176130914394254,9.264616171732612,0.9960741843593404,0.05733370907351022,12147.689589789474
HND,5348000000000.0,10696.7,12099.0,10300.0,500000000.0,0.156922996,0.2680835587138123,13.62959177376035,0.8658905563029133,0.01791195344801795,12352.600362878
HNF,750000000000.0,60.0,36290.0,22920.0,30000000.0,-0.026876866666666666,0.5712602966909768,7.437329809875713,1.0561907593886521,0.07984402,23669.966601933334
HNG,8117940173085.0,7756386.0,7600.0,5500.0,1108553895.0,0.5949796559056788,0.6513991463861994,,6.826199074395901,0.0,1072.7785580510724
HNI,715711780000.0,0.0,30100.0,20400.0,23777800.0,0.2239901761645829,0.06806208866987871,7.643012485331518,1.3324624118487718,0.04983388704318937,22589.7554274996
HNM,341835600000.0,338306.7,8966.0,7600.0,44400000.0,0.44745045045045045,0.15055905117928584,26.05225781453181,0.7183245327377853,0.06139276563061308,10717.996739797298
HNP,150000000000.0,95.0,30000.0,10015.0,5000000.0,0.9106274,0.22862893948460397,22.41864401536814,1.1546420463793758,0.02,25982.0782502
HNR,240000000000.0,0.0,12000.0,12000.0,20000000.0,0.0014159,0.0,,0.6977336198662637,0.0,17198.5406154
HOM,309590243300.0,20185.2,5700.0,3900.0,71997731.0,0.9572005190216802,0.5280818250118272,13.302027739372296,0.3506032919044412,0.0,12264.573948073446
HOT,170398658100.0,40.0,23500.0,11100.0,7999937.0,0.75923125,-0.38630512611626816,7.650618629873506,2.033847364539029,0.0,10472.7622983781
HPA,10716000000000.0,84311.6,44250.0,37000.0,285000000.0,1.0,,6.710746146930971,3.3930507276984354,0.12765663750494588,11081.472992154386
HPB,76069760000.0,623.2,37765.0,11831.0,3657200.0,0.1576262886597938,0.4602251266501411,9.233129025852449,0.7983734606300616,0.07211538461538461,26052.970227223013
HPD,135970571710.0,2932.0,18114.0,16000.0,8306590.0,-0.7738349912539321,0.014198304476992503,5.455684061968315,1.000479724743934,0.030891941889886754,16361.151150953641
HPG,213761724061750.0,25537983.0,30350.0,21166.0,7675465855.0,0.599530017712521,0.7647082841948228,10.129498763960013,1.6547458775321646,1.6080053691029627e-07,16830.378838311175
HPH,105000000000.0,0.0,12700.0,10500.0,8400000.0,0.33469845238095236,-0.1359927274853773,19.574070343328763,1.0350469345187872,5.7794285714285716e-05,12076.747037380952
HPI,1056000000000.0,30.0,33600.0,17600.0,60000000.0,-0.5175625833333334,0.3070380781081637,142.7802002258803,2.3971598763213997,0.0,7342.0217707833335
HPM,23940000000.0,0.0,7400.0,6300.0,3800000.0,0.5955,0.004939395756781954,59.953800585031225,1.0010806453004262,,10188.989316578947
HPO,87111255000.0,650.0,16556.0,15000.0,5807417.0,1.0,0.04036447235977427,6.244500499397718,0.6002456243630645,0.03333333333333333,24989.769839500073
HPP,628874444000.0,450.8,84603.0,70796.0,7960436.0,0.27513167249830994,0.01942981019185018,4.676896743350386,1.0223512185012897,0.03783785623191901,77272.85747828386
HPT,334767774600.0,1341.1,44652.0,19097.0,11386659.0,0.358699581947094,0.2484486017969258,,2.0099644750499515,,13614.036603625347
HPW,1758704478000.0,300.0,27000.0,17800.0,74206940.0,0.9873152025942588,-0.22498678540626008,10.64751253075795,1.554853945876735,0.0379746835443038,15242.589223797666
HPX,1405259306220.0,353640.6,6150.0,4090.0,304168681.0,0.8347484730027153,0.7957914886033879,12.138568457465427,0.3945631659711221,0.0,11709.151787215069
HQC,1566498185000.0,2272024.0,4200.0,2410.0,626599274.0,0.8842635285668689,0.8925502574957157,22.226685873108384,0.28747697330872574,0.0,8696.348689170361
HRB,253536000000.0,0.0,55813.0,35348.0,6338400.0,-0.3353357314148681,-0.1325858264878424,11.380018539767331,1.8984689281310891,0.07624428582528714,21069.61004591064
HRC,1188630575700.0,3761.2,95000.0,24150.0,30206622.0,0.42809421060057623,-0.43285770247184896,29.18961810154766,1.8708310766129286,0.0,21033.432944272947
HRT,1090002876550.0,55022.5,16623.0,6303.0,80058970.0,0.9995634467942818,0.2799373453710259,104.34876414053142,2.1367690562448707,0.0,6371.769546273204
HSA,259799991000.0,0.0,33000.0,33000.0,7872727.0,0.34565100504564683,0.0,,1.2821539820484653,0.0,25737.93823677615
HSG,10050598662450.0,3603153.2,16115.0,10615.0,807277001.0,0.8211689509038794,0.7468411352020923,18.506205336868994,0.8767349221329317,0.03085491185799727,14200.415297375726
HSI,3954236000.0,32795.3,1500.0,400.0,9885590.0,0.7006378,-0.2951036166748216,,,,-2259.877097977966
HSL,191294120480.0,288064.1,15900.0,3830.0,38567363.0,0.9689073375330328,0.3668524385263066,12253.03784306598,0.42650335573144527,0.0,11629.451288826773
HSM,133250000000.0,630.0,8000.0,5100.0,20500000.0,0.2374780487804878,0.005178213316846863,14.222664621060467,0.4059243865516429,0.0,16012.834447365854
HSP,190027958800.0,2500.8,16600.0,13800.0,12027086.0,0.5917340243513682,0.02446208979565066,9.251515879204316,0.8408003415199414,0.09873417721518987,18791.619389019084
HSV,135023223654.0,32478.1,5300.0,3800.0,30749994.0,0.9729268239857217,0.6203252204501841,29.857750965629783,0.4105477874136715,0.0,10695.466239538127
HT1,5494894718400.0,348932.9,20100.0,10840.0,381589911.0,0.13034421918979927,0.6836444555344565,15.23178776167359,1.081915903180728,0.006949235564447498,13309.722093616883
HTC,613799739600.0,12522.0,49600.0,24500.0,16499993.0,0.26512696096295313,-0.14067953515061685,24.13930052193593,2.0188264953144777,0.03501434809829952,18426.546355686332
HTE,72464766165.0,7887.2,4300.0,3200.0,22638165.0,0.5804697343341123,0.2043731821842169,83.44649179550443,0.32334180072588975,0.013799809934155192,9899.740747450158
HTG,1492312246600.0,4275.7,46690.0,36472.0,36002708.0,0.3321055460605908,0.23417221252580875,4.60462359878002,1.320804637117329,0.05948256016945563,31382.385278768474
HTI,593790960000.0,27192.1,27500.0,17600.0,24949200.0,0.2502096259599506,0.47403078639554613,4.227988776862544,0.9047376339005515,0.07522744404865982,26305.968833629937
HTL,260400000000.0,1082.9,26317.0,21700.0,12000000.0,-0.18266,0.12248305745882274,9.503610208234322,1.4874905620393266,0.1468474455299539,14588.327854833333
HTM,2107203388000.0,440.0,13400.0,8500.0,219958600.0,0.6381291181818182,0.28765950880442975,,0.9754656332014049,0.0,9820.950809470509
HTN,712931288000.0,401921.9,13900.0,6140.0,89116411.0,0.49269735514820046,0.9718546292558466,38.74505984905725,0.4657592135623737,0.0,17176.257102488114
HTP,94100104500.0,35380.3,2400.0,1025.0,91804980.0,0.9965688135872368,-0.2045332024232644,,0.2819917991451549,0.0,8510.885803330058
HTT,31120000000.0,103.9,1800.0,1300.0,20000000.0,0.7732135,0.3009210278381581,,0.29627640832137225,0.0,5251.8525144
HTV,185421600000.0,1070.0,14150.0,8597.0,13104000.0,0.9405196886446886,0.33209714964018494,10.5916614177998,0.5534621773309298,0.02118142732561902,25566.336019993894
HU1,68000000000.0,0.0,8190.0,5460.0,10000000.0,0.8888822,0.1742370321102199,18.121368465434333,0.47376263172686717,0.0,14353.1793025
HU3,29319835808.0,5269.2,4400.0,2900.0,9999944.0,0.9625070900397042,0.258641319171873,119.34579705955319,0.21141143454759406,0.0,13868.691664073318
HU4,142500000000.0,5660.1,15317.0,9300.0,15000000.0,0.9795277333333333,0.4496992556702975,5.301423668482706,0.6439020934863254,0.15619204807017545,14753.795796133334
HU6,30285000000.0,4435.0,5400.0,4000.0,7500000.0,0.48263333333333336,0.2532487844544601,1230.9719372564057,0.4037708846091048,0.0,10000.721086933334
HUB,415839572500.0,34140.4,18550.0,13300.0,30242878.0,0.48730431673863844,0.25015119530088137,5.6248555894214345,0.6396542260269642,0.0016324061486476253,21495.988677201953
HUG,565830281000.0,10.2,35285.0,25300.0,19511389.0,0.6301281677075886,0.34162040171017805,6.528043113114189,1.7173941779965836,0.04512960455186385,16886.047694554192
HUT,16985740737900.0,1760405.7,20500.0,12201.0,1068285581.0,0.9859975286698314,0.8189451401334404,34.58879751450895,1.5646505650574718,0.0,10162.013394611193
HVA,88151700000.0,113727.8,30100.0,3200.0,13650000.0,0.25222263736263734,0.4772488132109646,18.850890921505414,0.5789853597843382,0.0,11153.995331428572
HVG,317853607400.0,0.0,1400.0,1400.0,227038291.0,0.5912297983250764,0.0,,,,2414.921591080863
HVH,733301807700.0,156873.5,15350.0,11150.0,63489334.0,0.6552399809391606,0.26102118707960553,12.25219290705963,0.9581764742410006,0.0,12054.146924395207
HVN,69202128022250.0,531230.0,38250.0,19300.0,3110208001.0,0.9436283142659178,0.9177058614910671,8.448080958034453,6.712234338541584,0.0,3314.8425513454913
HVT,749932255800.0,18226.9,36800.0,25700.0,27470046.0,0.9542435422204972,0.2895154491955254,7.587471177887399,1.3996370998137284,0.05492867736574027,19505.055991751888
HVX,89070378000.0,13634.5,3520.0,2000.0,38525250.0,0.9981957287752837,-0.19656020784317593,,0.3228107559419568,8.671232988367918e-05,7162.090969532968
HWS,1297113252000.0,6781.1,17466.0,13800.0,87383000.0,-0.39201158675799086,0.1391206895055976,9.113741659721844,1.123138504307376,0.06399892212341687,13216.53557693144
IBC,141356123700.0,0.0,1700.0,1700.0,83150661.0,0.6523111584164075,0.0,,,,10570.540601595458
IBD,48600000000.0,0.0,10400.0,5400.0,9000000.0,-0.02237211111111111,0.31085172711862497,5.7114461504731135,0.43061411245147424,0.1111111111111111,12540.229973555555
ICC,140980000000.0,0.0,65400.0,22848.0,3800000.0,0.5805,0.09702201965899564,11.239470068715761,0.9321158250988403,0.0,39801.920535
ICF,35219250000.0,100.0,4100.0,2500.0,12807000.0,0.605830249082533,0.2655418584526927,61.726730924745304,0.43693175220622943,0.0,6293.889116811119
ICG,339139600000.0,18707.0,20500.0,8400.0,17572000.0,0.42722465,0.20610338939265274,15.373878051484411,1.1339079288007918,0.0,17020.78229615297
ICI,34000000000.0,0.0,11600.0,8100.0,4000000.0,0.8330045,-0.04572427261786839,111.77538124347035,0.684112723311553,0.010693738098958334,12424.852967
ICN,942416428554.0,3969.4,41855.0,30200.0,30599923.0,0.3084272140161921,0.25171047355239784,8.5733904488245,1.8830521042535118,0.08022518104444085,16355.362621369995
ICT,579330000000.0,13530.0,25600.0,12050.0,32185000.0,0.024284747228199597,0.32410488889395384,18.15972125285467,0.8821311000455128,0.05534688588541936,20405.130256796645
IDC,17418995975700.0,1515617.7,51800.0,32234.0,379498823.0,0.7733450426121358,1.0143055448860145,9.369542595576018,2.5896191859690196,0.061092352569260835,17724.613815302928
IDI,1712792628360.0,590946.4,9100.0,6060.0,273172668.0,0.471127821616473,0.7490993889708344,12.014045396676215,0.49441977642598245,3.907361515449814e-07,12681.531562762348
IDJ,659262733400.0,278266.1,8400.0,3700.0,173490193.0,0.7522207436820363,1.0781856921119202,25.11448678212018,0.34745510934521784,0.0,10936.664615930193
IDP,17457414770064.0,8127.6,282462.0,168062.0,61804472.0,0.19026323855658858,0.22909510664404176,55.883161654588484,5.231985170518504,0.008850748065226472,53987.5383423549
IDV,1081218886800.0,16456.8,24719.0,20972.0,47421881.0,0.38671926573304843,0.29816895468818516,9.811050510651464,1.1611320576170074,0.03813915711558212,19636.00940171479
IFS,1524967220000.0,671.5,24312.0,16000.0,87140984.0,0.04338603750446518,0.1868241326945906,10.42462067510447,1.2296764494879806,0.11335634873515511,14231.385831034453
IHK,16921231200.0,100.0,20500.0,6000.0,2141928.0,0.41510592326165957,0.4059560694250844,6.922310717833749,0.7334132221524674,0.0005566793508500729,10771.553827206144
IJC,6327285432000.0,1309014.9,14200.0,9490.0,629580640.0,0.5023362043025974,0.8465457777111395,9.642513699320213,0.7745864238795032,0.05963620779483748,12974.665821877878
ILA,104354922903.0,3823.7,7900.0,4000.0,19641431.0,0.6477718451369455,0.22081684347850833,48.60803623153929,0.6136035277354818,0.0,8658.685551577173
ILB,564811400200.0,9900.0,28007.0,21000.0,38199492.0,0.30300206610077435,0.22769137350186516,4.998846829892722,0.6587810554290334,0.10311588017057875,22444.232807284454
ILC,36881723757.0,250.0,7700.0,5200.0,6079071.0,0.46962547154764345,-0.6826250477057635,9.168927724389727,0.5981840601491546,0.0,10142.363202535387
ILS,866448000000.0,60313.5,36300.0,13700.0,36000000.0,0.6477668888888889,0.6005088240747946,55.63485149195185,2.750835271478867,0.0,8749.342517722222
IME,161997660000.0,0.0,84101.0,45000.0,3599948.0,0.36786086910144256,0.08097664977373009,24.786727881045817,3.3226198213368474,0.011451182844246021,13543.529630150213
IMP,7407831072200.0,23337.8,56700.0,46100.0,154008962.0,0.772386910330782,0.15883631442117496,20.76794209192957,3.114443599496173,0.010395010395010396,15444.1711539683
IN4,52440000000.0,0.0,63943.0,37670.0,1200000.0,0.0852775,0.04014288030218266,3.41563903155762,0.7499016626557756,0.04118340961098398,58274.3073875
INC,41600000000.0,200.0,29200.0,11800.0,3200000.0,0.982109375,0.011494537407877264,25.19094195057712,1.1362305854319141,0.06460877403846153,11441.3396071875
ING,218501871000.0,0.0,18700.0,8100.0,20809702.0,0.765305961613482,0.02174352025826512,,,0.0,-13910.52263766199
INN,1123200000000.0,3516.4,48000.0,37830.0,27000000.0,0.6792573344881959,0.1923579060920043,8.700353203331105,1.2921362381266996,0.0,32194.747560296295
IPA,3186153047500.0,33896.4,26000.0,12400.0,213835775.0,0.42040318557547257,1.1503949471468653,5.846252499567239,0.6667714338830747,2.1970068278711588e-05,22346.488230947325
IRC,82250000000.0,0.0,7800.0,4700.0,17500000.0,0.19042857142857142,-0.044208538568649335,4.565748839062962,0.4261974104807132,0.03553191489361702,11027.753534914285
ISG,79200000000.0,367.0,9400.0,8800.0,8800000.0,0.2651727272727273,0.012146912510903912,1.923566092790854,,0.0,-17991.2987025
ISH,1291500000000.0,316.0,30457.0,22442.0,45000000.0,0.6569379333333333,0.21964946672139674,14.361458419651104,2.3397414054232764,0.10403383662408053,12266.312821355556
IST,545813828564.0,263.4,44500.0,30590.0,15008492.0,0.6463804624741779,0.5410457927898689,6.131005678171686,1.8581535208345703,0.05645227816426981,19571.579846462922
ITA,2158466296100.0,0.0,2300.0,2300.0,938463607.0,0.46543584530925664,0.0,29.109639559529906,0.20635176324356747,0.0,11146.015734719907
ITC,1127236825750.0,122756.1,18000.0,10450.0,95935049.0,0.43206023644475533,0.744185753713371,23.84359122569837,0.5070428957165729,0.0,23173.581760561774
ITD,421382192700.0,15423.7,17150.0,11831.0,26172807.0,0.7188484890166678,0.17654882453732426,5.824642354005609,1.2219056435379974,0.12270733765394828,13176.140142362261
ITQ,85976923500.0,89233.0,3600.0,2400.0,31843305.0,0.8890704027110251,0.6337647970692666,14.349690861374045,0.25399588436375536,0.0,10630.093502354734
ITS,105839696000.0,2143.8,6854.0,3800.0,26459924.0,0.40239208547991295,0.40644773565517206,24.1915758353717,0.36840971391692984,0.015479999300073575,10857.477012405629
IVS,682001684000.0,89468.3,11600.0,6300.0,104923336.0,0.5940750492340426,0.7689557256578146,34.363517124981556,0.5751781283693054,0.007523076929821774,11300.846954017932
JOS,20368439994.0,7590.0,1354.0,600.0,15043161.0,0.469579982617972,0.06523856680817432,,,0.0,-33472.77052874725
JVC,427500649800.0,131572.6,9000.0,3800.0,112500171.0,0.8483033416900317,0.613180624095795,11.597653753742032,0.7116319886057196,0.0,5339.838653747469
KAC,503999979000.0,0.0,21000.0,21000.0,23999999.0,0.8745513281063053,0.0,,,,13243.976151415673
KBC,31642959902400.0,3355266.0,41150.0,24200.0,941754759.0,0.7065689641842032,1.0903657247132863,20.480195159168172,1.2758678740877905,0.0,26335.015311850417
KCB,96000000000.0,36687.9,18572.0,9900.0,8000000.0,0.481141375,0.9236994787461468,11.169718227054277,0.9585958573867048,0.041119602864583334,12518.309887875
KCE,18750000000.0,1299.5,13700.0,9075.0,1500000.0,0.8974,-0.8157155526856432,6.716325322996117,0.6184683686904057,0.080076,20211.219575333333
KDC,13881722536400.0,996407.8,57619.0,41600.0,289806316.0,0.39697252909387315,0.0895452700060771,22.81360448664067,2.048622989733888,0.025057088415210864,23381.55934012149
KDH,27213711300750.0,5083303.1,37000.0,23950.0,1122214899.0,0.6371943017662609,1.0292626973706558,22.585648486800604,1.4472111462439032,0.0,16756.36624478642
KDM,209676675600.0,10282.0,35900.0,12000.0,7596981.0,0.9843753722695897,0.08362539678169718,313.61725689759237,2.9193700708806674,0.0,9454.09431825616
KGM,142408000000.0,9894.3,6200.0,5100.0,25430000.0,0.1452379079826976,0.4159394161269049,9.270390623027122,0.5103403690437979,0.03125,10973.068837357452
KHD,57099315000.0,4910.3,18288.0,6928.0,3262818.0,0.7330209653128062,-0.12553972909190855,3.9714630375933146,1.0808632812479324,0.02857142857142857,16190.761869341164
KHG,2408972698800.0,5500180.8,8700.0,5100.0,449435205.0,0.3530188717637284,0.819730282425324,36.08818153093173,0.4542631605005061,0.0,11799.327936023614
KHL,8400000000.0,0.0,700.0,700.0,12000000.0,0.86545,0.0,,,,3778.242267
KHP,630936995700.0,10494.9,13400.0,9765.0,60376746.0,0.8414234143458046,0.2680414513984881,7.127798183655808,0.8980691590122981,0.047845608524680144,11636.074900392943
KHS,205787650800.0,7340.2,27275.0,14390.0,13904571.0,0.4138674972424536,0.38853809335024553,3.7045672391686826,0.8621918950650602,0.08813188463687929,17165.552221855676
KHW,958099866000.0,40.9,36222.0,29000.0,28599996.0,0.5576269311366338,0.09950670430446659,10.696113810484462,2.177970926268336,0.0495898422346716,15381.288884970474
KHX,110000000000.0,20.0,27000.0,18800.0,5000000.0,1.0,,26.16445602519634,1.9912210307908431,0.03406843307272727,11048.4972084
KIP,112700000000.0,104.5,16200.0,9500.0,9800000.0,0.30719448979591835,0.15051442603416776,7.270247173197654,0.5981485298540014,0.08695652173913043,19225.993922959184
KKC,37620972000.0,3.9,8500.0,5400.0,6270162.0,0.2894246984137717,0.3031978698245857,4.217161171982221,0.6640026082077162,0.0,9036.109084262895
KLB,8441472627000.0,461340.6,18452.0,7694.0,582170526.0,0.988411080935494,0.1542527375497059,4.245560103424724,0.9596954597838947,0.0,15108.959672754027
KLF,132282048800.0,0.0,800.0,800.0,165352561.0,0.9999993952316227,0.0,,,,9685.80059081758
KLM,35742000000.0,0.0,9200.0,9200.0,3885000.0,0.598597425997426,0.0,,,,-3498.900025997426
KMR,154707635040.0,20847.8,3210.0,2690.0,56877807.0,0.4192263722986071,0.1573524760980734,29.926720527812062,0.23727511838005333,0.0,11463.486009701464
KMT,95511651400.0,20.0,13200.0,8100.0,9846562.0,0.6165084828592965,-0.06956194309382636,15.284809455156699,0.7013916518054476,0.08184908668640191,13829.648492438275
KOS,8356179531000.0,520263.3,42150.0,36000.0,216481335.0,0.3253795945040712,0.019567711507704633,439.9605909271341,3.5819831809076774,0.0,10776.153334762093
KPF,73040689200.0,0.0,1210.0,1200.0,60867241.0,0.5305456674141021,-0.0019515516481431727,,0.1421206243648903,0.0,8443.531720765855
KSB,1808210507400.0,745498.8,22250.0,15500.0,114443703.0,0.7222959478956723,0.74114479439201,11.91624392216874,0.6447690054485123,0.0,24504.89999749484
KSD,49200000000.0,70.0,7900.0,3800.0,12000000.0,0.33539166666666664,0.15277483951313872,93.41659709060539,0.4104147885687101,0.0,9989.89343025
KSF,71982984640000.0,32013.4,101000.0,62700.0,899787308.0,0.8168363206118928,0.3911590057935531,8.221724157936453,4.128433848886011,0.0,19377.808371953608
KSH,23003870000.0,0.0,400.0,400.0,57509675.0,0.9382955998273333,0.0,,0.04953592345179707,0.0,8074.947878769964
KSQ,35310000000.0,28668.2,2700.0,1177.0,30000000.0,0.8932666666666667,0.40509433944133905,5.963560058932708,0.1304316490609603,0.0,9023.883455233334
KST,80892270000.0,510.1,16400.0,10300.0,5992020.0,0.7344337969499434,0.21175794253373348,7.475160808155523,0.9887218522622379,0.08103703703703703,13653.991736008891
KSV,30860000000000.0,31269.1,230700.0,88800.0,200000000.0,0.9997755,0.7132326642100189,11.787923608964372,5.127959266667207,0.00972001226830849,30089.942602115
KTC,335559263600.0,0.0,10100.0,8146.0,36473833.0,0.019427626375325018,-0.09787565818630214,9.330370892810498,0.7558214997569698,0.043478260869565216,12172.186161624417
KTL,403200000000.0,450.1,29234.0,16166.0,19200000.0,0.8026054166666666,-0.20017732758224854,6.5561124855659205,0.9086518053370447,0.03524193700396826,23111.16301828125
KTS,110526000000.0,513.3,49888.0,20700.0,5070000.0,0.657838067061144,0.07840758168786834,6.138664390090942,0.4333994548295722,0.045871559633027525,50300.01712524655
KTT,6796500000.0,0.0,2300.0,2300.0,2955000.0,0.9583756345177665,0.0,,1.487450757640648,,1882.4152568527918
KTW,81635960000.0,0.0,9813.0,9800.0,8330200.0,0.6479232191303931,0.0,9.885505958022785,0.9629986372100225,,10176.546073203524
KVC,59400000000.0,182212.5,2200.0,1200.0,49500000.0,0.9653939393939394,0.5721555745785081,18.634008115592177,0.13807958732614484,0.0,8690.640110080809
KWA,53200000000.0,0.0,14000.0,13999.0,3800000.0,0.9597105263157895,3.257064660488515e-06,5.940656988530382,0.822394975925609,0.09374254956140352,18968.987477631577
L10,262861500000.0,0.0,27400.0,19360.0,9790000.0,0.4774182002022245,0.26224892729816335,6.751442687266974,0.8508660027171656,0.055667956946909306,31556.085111235956
L12,30998806600.0,3415.1,5200.0,3300.0,6738871.0,0.42481514285714284,0.2620496969312776,9.516347309276442,0.3275362040585183,0.0,14044.24898072689
L14,728279834000.0,66085.8,45800.0,21300.0,30859315.0,0.6971353891984369,1.3365482409331335,48.075696800164174,1.6230566423198327,0.0,14540.466046994237
L18,1015423404600.0,12736.3,31500.0,21900.0,45739793.0,0.31962392134131434,0.6493677918748662,5.993642578102984,1.2462739789344641,0.0,17813.097581464786
L35,8489403000.0,130.0,5400.0,2200.0,3265155.0,0.7920466256578937,-0.018373826659805376,,1.6850189026149225,0.0,1543.0093964911314
L40,762480000000.0,152316.6,109494.0,13590.0,10800000.0,0.6713055555555556,0.3900385825160011,2.4009906364482423,1.5808650082344942,0.006723011128160739,44659.09463
L43,10500000000.0,244.9,3900.0,2200.0,3500000.0,0.7234285714285714,0.5925727809042741,,2.0211517157425924,0.0,1484.3022305714285
L44,1990000000.0,0.0,700.0,490.0,3980000.0,0.6439135,0.0,,,,-33029.24154547739
L45,8160000000.0,10.0,2500.0,1400.0,4800000.0,0.93950375,0.04863349816153873,,6.190389605908928,0.0,-6627.794386875
L61,9091440000.0,20.0,2000.0,1200.0,7576200.0,0.9882001531110584,-0.12207960589321679,,1.1424877526015145,0.0,-13543.33761542726
L62,21849273819.0,2054.5,3500.0,1300.0,8298243.0,0.5892596782234505,-0.2118054041433305,,,0.0,-39555.79693785781
L63,83621546100.0,90.5,10100.0,6400.0,8279361.0,0.6999965335489056,0.2584432719632979,88.27693850292445,0.9940233917525997,0.0,10160.726682892557
LAF,257353521100.0,483.6,18986.0,15568.0,15228019.0,0.1342554799806856,0.20854024517872008,6.0490884731706585,0.9747772502312307,0.08875496564946746,17337.294234135115
LAI,317758679966.0,8141.6,18100.0,11100.0,27359969.0,0.5278456638602186,0.4384163213365325,7.430156647299111,0.8096103237941896,0.0,14345.172805568604
LAS,1749274200000.0,374546.5,22063.0,15500.0,112856400.0,0.9999084234478506,0.46058795045659046,13.512834130856675,1.1585147434984437,0.07741935483870968,13379.199606207534
LAW,378200000000.0,100.0,35000.0,26200.0,12200000.0,0.618144262295082,-0.23147875520843525,11.538135650900287,1.753540780592787,0.048013600774722366,17678.516714918034
LBC,22350000000.0,0.0,17029.0,10643.0,1500000.0,0.17437533333333333,-0.24693043669993117,3.4570581239549867,0.5137574284791286,,31337.746390666667
LBE,93620000000.0,19582.1,40000.0,26000.0,3100000.0,0.2960854838709677,-0.10432175163235748,5.204266999147336,1.4576167230890527,0.0,20718.752413870967
LBM,1390000000000.0,21905.0,37671.0,25473.0,50000000.0,0.62460792,0.42343398893695733,9.290644631257429,1.5607746703507739,0.07913669064748201,17811.66783912
LCC,6422898900.0,0.0,1200.0,1100.0,5838999.0,0.9692039680089002,-0.024255440717640676,,,,-118344.95677992067
LCD,29398922000.0,0.0,19600.0,19600.0,1499945.0,0.042448,0.0,207.50768597125457,0.9579333813853095,0.0,20460.713010810396
LCG,1987512480980.0,1725969.1,12851.0,8654.0,206602129.0,0.7636814189738226,0.8336704189104255,13.64279215836776,0.7355335906811795,0.0,13078.940407182348
LCM,18302319000.0,19027.4,1400.0,700.0,24633000.0,0.9979344781390818,0.02410964371297745,19.188081054829006,0.1546758362732639,0.0,4803.5945232411805
LCS,2280000000.0,23514.0,900.0,300.0,7600000.0,0.999328947368421,0.5859815710247734,,,,2335.15608
LDG,835863826230.0,753852.0,7050.0,2060.0,255615849.0,0.9011793456488754,0.8484725915306969,7.764911989863185,0.6491811703371018,0.0,5037.114675248482
LDP,147952266500.0,28684.9,14100.0,7700.0,18728135.0,0.5805146333861717,-0.0013593908972944172,5.195175620568388,0.7688583941432369,0.0,10274.973987639452
LDW,2206400000000.0,0.0,28000.0,18500.0,78800000.0,-0.2814870939086294,0.05968362061919878,27.637764129965312,2.222879631003639,0.021785714285714287,12596.273594606599
LEC,130734900000.0,674.9,5800.0,3100.0,26100000.0,0.39825701149425285,-0.01711984543961894,,0.5564745019220289,2.3462747896697823e-05,9001.310900498085
LG9,22619700000.0,82.9,7300.0,3500.0,5026600.0,0.3667878884335336,-0.37893983449571206,58.237349291119344,0.4934115116550871,0.07453645732480979,14592.282161898698
LGC,13746043958400.0,80.0,64800.0,52100.0,212130308.0,0.028263585041322807,0.005315926600019298,33.26414252704439,3.1304459231011004,0.016835805174228273,20699.926333756135
LGL,321341904000.0,110991.0,6690.0,3080.0,51497100.0,0.5280601553398058,0.4910298333714137,18.305964071392065,0.4602625623133387,0.004824031633297349,13557.478949921451
LGM,148000000000.0,410.0,14800.0,9900.0,11840000.0,0.2083079391891892,0.08228726917444998,,,0.00012158783783783783,-6658.576454222973
LHC,1392480000000.0,2923.0,120100.0,70100.0,14400000.0,0.39804833333333334,0.37569647226815067,10.461951557672508,2.3083071990128263,0.010341261633919338,41892.17104263889
LHG,1402836880500.0,68386.2,33990.0,26800.0,50012010.0,0.45387291972468213,0.516902493006552,4.76255023165834,0.7198291995738791,0.06773469134638993,38967.57733168493
LIC,2657430000000.0,3950.1,39600.0,24000.0,90000000.0,0.05051507777777778,0.5909891864804168,32.860894559397806,5.882712365664306,0.0,5019.283310933333
LIG,358038511800.0,223890.0,5400.0,2700.0,94220661.0,0.9090078853909513,0.9549739651400191,16.966714416630463,0.3610762280513402,0.0,10524.093542540526
LIX,1956960000000.0,17776.0,40500.0,28437.0,64800000.0,0.9475981790123457,0.39753417168532224,9.795187651584705,1.8144556162696162,0.039735099337748346,16644.110624259258
LKW,88875000000.0,292.8,44407.0,33300.0,2500000.0,-0.10084,-0.0002221939154353011,7.1637983097129005,1.0442019902616941,0.16827212039381154,34045.137178
LLM,1696252588704.0,9536.0,23200.0,15000.0,79726104.0,0.016368540973731766,0.5286176234922719,3.0505195678950687,1.126452811144437,0.016420536708675573,18887.608774649267
LM3,9527500000.0,90.0,3200.0,1500.0,5150000.0,0.4788099029126214,0.31067698776940966,140.0600492163194,,0.0,-26534.11677669903
LM7,8515000000.0,2180.0,3600.0,1700.0,5000000.0,0.9569762,-0.08157365857916811,,,0.0,-14299.7074774
LM8,127216641100.0,0.0,16000.0,11304.0,9388682.0,0.6293432880142282,0.08916522368958754,9.895838904767599,0.41269411179015586,0.07366585895498856,32833.03447491352
LMC,9975000000.0,1501.0,13800.0,4700.0,1500000.0,0.754,0.2594535816051738,25.115526069494322,0.3636092916197845,0.0,18288.86157
LMH,33344623495.0,5703.7,1400.0,800.0,25629995.0,0.9268240200593094,0.1004709784541206,,,0.0,-2115.0781461720926
LMI,53900000000.0,0.0,10679.0,9286.0,5500000.0,0.279214,-0.022912165929555563,20.455497927252363,0.6154392749224786,0.09537964378478664,15923.585639272727
LNC,32920268000.0,0.0,10766.0,4000.0,8230067.0,0.08061902776733167,-0.08455211019790031,13.071874942940063,0.38195881512016866,0.01675,10472.333250749964
LO5,2574895500.0,690.3,1200.0,400.0,5149791.0,0.4754136624185331,-0.019637242062153223,,,0.0,-23808.49925132884
LPB,154741212780000.0,1353533.9,53900.0,30786.0,2987282100.0,0.914382305239937,0.614668872185988,13.856184496596603,3.1278755784750727,0.04826254664694764,16560.761034252508
LPT,93924000000.0,12984.4,7827.0,5400.0,12000000.0,0.84286925,-0.22049409172111406,5.036233068730506,0.586848566710932,0.1275265107959627,13337.341937916666
LQN,4165788000.0,0.0,2300.0,1500.0,1893540.0,0.32648372888874805,-0.014058358104559956,,,0.0,-9737.064649281241
LSG,3157200000000.0,36436.5,38800.0,16800.0,90000000.0,0.7224375666666667,0.5940080104992267,126.80034614632575,2.9264684010442013,0.00012292217502850628,11987.144637366666
LSS,753522575040.0,85468.7,9806.0,8150.0,90026592.0,0.537209150380812,0.3309465098108083,7.085030569370605,0.4222408573986822,0.050647595127424144,19822.80931211969
LTC,7796200000.0,10.0,3100.0,1600.0,4586000.0,0.7723920627998255,0.06184680885031924,,,,7933.219350850414
LTG,626208946440.0,30048.9,8600.0,6000.0,100741465.0,0.6591254554418084,0.09065167014318957,1718.5171481245152,0.47015004040593567,0.0,29416.1412557977
LUT,7500000000.0,1050.0,800.0,500.0,15000000.0,0.545810505319149,-0.14356065264889623,,0.1612447925069183,,7088.6010160666665
M10,717567085600.0,3009.2,23900.0,18999.0,31750756.0,0.5222482756448615,0.3949712219579781,4.009426619230254,0.9844665487715504,0.023595355249387988,22956.595151151676
MA1,396487964400.0,1830.5,40000.0,28688.0,10050392.0,0.5802750778278101,-0.18751760252941785,6.652308552779033,1.4962972755843609,0.03835626643298936,26365.081754622108
MAC,619780572900.0,3125.5,17734.0,11300.0,43956069.0,0.47421870231389435,0.12905869477402443,11.641019729398169,1.1970232730700285,0.0,11779.219600164883
MAS,149368905000.0,139.9,38000.0,31200.0,4267683.0,0.4612158400705957,0.21040409747004718,17.271607706266966,3.4132818732006895,0.0,10254.060842382154
MBB,210638247620350.0,13632458.3,29000.0,17639.0,8054999909.0,0.9189687978430988,0.9257821320931645,7.5969428910413175,1.467001391617775,0.008691118639097222,17825.477296352383
MBG,336611912000.0,244077.4,4600.0,2700.0,120218540.0,0.7337354953736753,0.7511770531403895,20.638167672016024,0.2574168307818131,0.0,10877.299636919563
MBN,45425000000.0,0.0,7900.0,7900.0,5750000.0,0.1036775652173913,0.0,24.968729668658764,0.3319179944684226,0.0,23801.05969443478
MBS,19518201495000.0,2829515.7,31088.0,17771.0,1000933410.0,0.558569964780876,1.3303610285429306,16.921149048524715,1.6669694623000484,0.03516539275075252,11697.874760761557
MBT,38000000000.0,260.0,16100.0,8800.0,3800000.0,0.8426052631578947,-0.014668338345051218,124.03270976477836,0.8555187708817544,0.0,11688.814249736843
MCC,68309898800.0,0.0,13700.0,12500.0,4986124.0,0.6802692676656319,-0.010732759937098432,21.579824208179105,0.926400859614281,0.0,14788.414602404593
MCF,86222704000.0,9055.3,8100.0,7400.0,10777838.0,0.3889871976179267,0.18509639223427568,7.379111596924723,0.6998520539586018,0.08125,11430.98738476121
MCG,149410980000.0,48568.6,3800.0,1600.0,57510000.0,0.7630717802127998,0.7282892153702906,11.19345493016749,1.7890634318620575,0.0,1452.1564488610677
MCH,169315493829600.0,225757.1,181862.0,84625.0,1294460962.0,0.3004601531198263,0.11149862787861259,24.6854799723828,9.845144274696471,0.030864038459818877,13285.737247769546
MCM,3074500000000.0,58699.2,29164.0,24600.0,110000000.0,0.3124208909090909,0.3154497465260719,12.3939567985057,1.3488636873240272,0.07155635062611806,20721.144962727274
MCO,21340430800.0,1495.1,9300.0,4600.0,4103929.0,0.6747865277396369,0.4549279518789646,289.012290101105,0.4004412360671289,0.0,12985.67562889124
MCP,536440023000.0,16120.0,30500.0,26045.0,19868149.0,0.6073771987559028,0.1651240920263617,85.35166125479735,1.9610929857228643,0.013459370834453938,13767.832630357261
MDA,6360000000.0,0.0,8700.0,5300.0,1200000.0,0.7351666666666666,-0.22028861352712314,1.5124447827009762,0.2199616293296416,0.0,24095.111570833335
MDC,205616121600.0,6509.1,12300.0,9600.0,21418346.0,0.8299109557759502,-0.023083880454179556,6.918296794830057,0.6384730694916125,0.07243928618581628,15035.873020680496
MDF,251042425225.0,2390.0,7100.0,4400.0,55113595.0,-0.03562574715004528,0.41232207394920234,26.292708472148814,0.3843462342280546,0.0003983390453242065,11851.293428563315
MDG,374789550300.0,8820.0,44972.0,11993.0,10324781.0,0.2405580441455259,0.06884686644578421,5.664557402882076,1.9038367435404104,0.0,19066.76090960186
MEC,24735068820.0,6650.0,4800.0,2800.0,8353620.0,0.21783705746730161,0.18449682154040403,,,0.0,-31063.28373351912
MED,228344000000.0,10.2,27127.0,18400.0,12410000.0,0.44482683319903304,-0.05615791594404828,11.662365666762154,0.6771008675895241,0.015279468223382265,27174.680879532636
MEF,8580761700.0,10.0,2100.0,800.0,4086077.0,0.5522563573814199,0.2037749084699981,0.19207835142867535,0.03635515030045044,0.0,57763.480074898245
MEL,114000000000.0,867.2,8400.0,5800.0,15000000.0,0.39511833333333335,0.017184860408533936,10.452163696832393,0.4201848307370399,0.0,18087.278369066666
MES,186000000000.0,0.0,10000.0,10000.0,18600000.0,0.9896182795698925,0.0,786.5820037725741,1.139844122501447,0.0,8773.12941532258
MFS,246554470932.0,8269.1,49100.0,32100.0,7062979.0,0.6168087148496406,0.5395858626390908,15.393388566661116,1.5017556985338192,0.06901036114933282,23244.792767612646
MGC,131220000000.0,3295.5,20787.0,10900.0,10800000.0,0.9909481481481481,0.7415520545856595,17.960251101512384,1.134084077162797,0.012317483798201493,10713.491393333334
MGG,226790474400.0,1266.5,28100.0,21841.0,8999622.0,0.24932780510114758,0.01289031804018814,7.130174605923836,0.8558252747847972,0.05952380952380952,29445.262651698038
MGR,98000000000.0,291.1,8000.0,3600.0,20000000.0,0.171335,0.26651289591255417,,0.7855617842066112,0.0,6237.5743048
MH3,674400000000.0,366.0,32000.0,26100.0,24000000.0,0.965645875,0.22043979911837477,15.512018164521011,1.1822105931094358,0.0573522922034401,23769.03080025
MHC,414328166940.0,26451.2,15800.0,7890.0,43476198.0,0.36486110165898167,0.7845245572877312,2.310621219363397,0.6438466623302272,0.0,14801.660950619464
MHL,17922045900.0,0.0,3300.0,3300.0,5430923.0,0.3544814194587225,0.0,,2.2102838527544453,0.0,1493.0209058386577
MIC,100005106500.0,3469.2,20700.0,10257.0,8547445.0,0.32967542846217607,0.47241373180278967,68.77953317629327,1.19218036422778,0.0,9813.951270350379
MIE,1135932000000.0,0.0,9400.0,4000.0,141991500.0,0.9998795702559661,0.21296137195659276,75.96287112510818,0.800468431532347,0.0,9994.148032403347
MIG,3733036121950.0,138598.4,20300.0,15029.0,211503463.0,0.1344231465373217,0.5243717768995135,11.428029675762406,1.3674351745138096,0.026786194657223653,12907.376034315806
MIM,14321412000.0,0.0,4200.0,4200.0,3409860.0,0.3576965036687723,0.0,,,,3907.252117682251
MKP,656544186243.0,4165.1,40400.0,23400.0,25268221.0,0.3293373053261414,0.18363043116416286,33.892791281408996,0.5165164863184651,0.01924335142208367,50304.29945266032
MKV,88500000000.0,1823.8,26400.0,8900.0,5000000.0,0.99992,-0.18188005712194674,5.534088251585207,0.8421760756422632,0.0,21016.9826856
MLC,85091970000.0,0.0,22441.0,20400.0,4171175.0,0.3819758221604224,0.03798199095294659,3.5837546215994514,1.0373807748314963,0.07975864566303965,19664.910411814417
MLS,81000000000.0,1092.2,26800.0,17800.0,4000000.0,0.486125,0.3083256155959247,2.3034069758554003,1.0494122968443391,0.0,19296.51487875
MML,10931317795818.0,51604.5,44800.0,27300.0,340316858.0,0.08292423468484185,0.9258730395994775,19.25557231558257,2.159725605320171,0.0,14872.72268332355
MNB,586000000000.0,50.2,32600.0,23300.0,20000000.0,0.24485755,-0.09445361789568915,3.603999354292494,1.074629728299117,0.06825938566552901,27265.2051478
MND,24139225000.0,10.0,11000.0,9300.0,2194475.0,0.16875061233324598,-0.0662233922831359,7.518553002027353,0.9381938421144359,0.06818181818181818,11724.655935930006
MPC,6352867363500.0,50362.0,18800.0,10078.0,400938300.0,0.1890565971391389,0.580802436445257,12.136054344439241,1.2165744970901704,0.06709896755063899,13024.274335766875
MPT,11975014800.0,114765.3,800.0,500.0,17107164.0,1.0,-0.07937738800567114,,0.07215913704353444,0.0,9700.781199443694
MPY,82930500000.0,0.2,14200.0,5900.0,6143000.0,0.4737538661891584,0.07772633375941115,8.711571981432522,1.0975640094684265,0.044444444444444446,12299.966000651148
MQB,20583780000.0,0.0,8600.0,5600.0,3675675.0,0.16021547062784386,0.06554040829731426,6.1146509811827,0.3693765588655603,0.06785714285714285,15160.680518544214
MQN,157342188240.0,918.0,20200.0,17000.0,8212014.0,0.9017914484802388,-0.11866131669259385,2.8094434195391544,0.5073312205726336,0.0,37766.25451588368
MRF,156224556000.0,1271.7,26900.0,15000.0,6792372.0,0.5635969778281068,-0.20684740936253393,118.13498200615925,2.077899129460328,0.0,11068.872244040815
MSB,42120000000000.0,12114150.7,15416.0,9416.0,3120000000.0,0.891309858974359,0.9443604848216941,7.166749955463039,0.9577534977614786,0.0,14095.484935897435
MSH,4056382771000.0,231464.2,40500.0,27698.0,112521020.0,0.5521002653548643,0.47192083417587855,6.467124520447929,2.0293288074094935,0.11090736572404203,17764.494284205743
MSN,115962419651400.0,6494044.6,88500.0,62000.0,1445915457.0,0.5101566080014593,0.8878408961215293,23.376692265330806,3.280579039296986,0.0,24446.903744525087
MSR,44257139884800.0,1868457.2,52900.0,17000.0,1099829520.0,0.047380054865230385,1.230332535157936,57.4783427774821,3.479784456030857,0.0,11563.934636888089
MST,942915026000.0,1736062.9,9000.0,4924.0,113604220.0,0.9665345178198486,0.6772646834623823,40.91452218167001,0.7999944039476898,0.0,10375.07257431106
MTA,1392386358195.0,5074.8,19600.0,12100.0,110113591.0,0.999643095828198,0.9056292903543482,42.696288157729235,1.0196449163862298,0.01641208602160094,12401.376005301652
MTB,61526938200.0,0.0,9800.0,9800.0,6278259.0,0.9185283690908578,0.0,117.95046051144324,1.2735636128978538,0.0,7694.9434647407825
MTC,2157570000.0,10.0,3700.0,1200.0,1797975.0,0.4719104188545943,-0.1771113421524741,,0.1479062151026758,0.0,8113.249326047358
MTG,89138500000.0,3662.6,11000.0,6600.0,10450000.0,0.5046784688995215,0.0974669292371404,20.377538782899705,0.740072892647837,0.11775124160716188,11525.891685454546
MTH,126879615000.0,3230.8,30400.0,16580.0,4787910.0,0.45138024733129906,0.15163171005438164,8.313307838275449,0.9136530998305041,0.07547169811320754,29004.4438145245
MTL,36600000000.0,1392.8,7200.0,5300.0,6000000.0,0.8999666666666667,0.47946270327633456,35.42746073315113,0.5936593615312655,0.0,10275.252771666666
MTP,104311284000.0,1375.8,15043.0,10400.0,7450806.0,0.5911090556302366,0.02644253390753533,5.7526140743938035,0.8628807932339511,0.07142857142857142,16224.720853421764
MTS,150000000000.0,170.1,10900.0,8100.0,15000000.0,0.82088,-0.04262378980913012,5.767950858494983,0.7848026003150099,0.07,12742.0576792
MTV,76140000000.0,361.0,17500.0,12800.0,5400000.0,0.8489424074074075,-0.18734975268475182,7.148707961563715,0.7654242852384628,0.04964539007092199,18421.155785
MTX,8256000000.0,0.0,12800.0,12800.0,645000.0,0.6558527131782945,0.0,2.072770645535196,0.7339140614015423,0.09054324127906976,17440.73410387597
MVB,1743000000000.0,160.2,21338.0,15300.0,105000000.0,0.9987885714285715,0.27658903812297253,8.75011388918943,0.9533254932945802,0.060230374928284564,17412.73061169524
MVC,1391700000000.0,47770.1,18100.0,8755.0,100000000.0,0.34717106,0.47749909509579924,6.246256073993957,0.9570599088781891,0.032334554860961415,14541.40944668
MVN,69759387980000.0,7303.2,78100.0,41500.0,1200988000.0,0.005603969398528545,0.6645003015916154,29.726040927911075,4.949238533053299,0.0,11736.148826143975
MWG,124228630553400.0,5824748.3,93700.0,59444.0,1468423529.0,0.6612084854244408,1.1468696720837337,15.145724196993617,3.5178429575732846,0.011901095233956407,24048.827938117982
MZG,1499206594232.0,232976.0,19400.0,6780.0,116506574.0,0.6169239600161962,0.19597616402216006,12.644666666026446,1.008813059424338,0.0,12755.584277767879
NAB,25529414822400.0,2318882.1,17000.0,12100.0,1715686480.0,0.858916836017732,0.5474305982996047,5.654868952086457,1.035733579783802,1.801843102163028e-06,14366.62891928833
NAC,3685500000.0,0.0,1300.0,900.0,2835000.0,0.2817541446208113,0.07685570632730505,0.41666527500314077,0.09623983818377596,1.5384615384615385,13507.91963633157
NAF,3056040500400.0,561474.0,51000.0,19364.0,61181992.0,0.27843568715999084,-0.054014862450587606,14.889070503827385,3.903410745761418,0.0043896800445688226,12796.501125134992
NAG,335996027100.0,277105.1,16900.0,7100.0,38620233.0,0.6513166737592353,0.5411723210530709,10.705375785815589,0.5043776403527266,0.0,17248.98033528177
NAP,287224916000.0,0.0,16000.0,8289.0,26111356.0,0.22366157468038045,0.07726037467428894,10.760381811285123,1.1079735461643432,0.04127195566835852,9928.034868775103
NAS,263600779400.0,160.0,46700.0,28000.0,8315482.0,0.19279900199187952,0.16944406024802872,9.57455320681518,2.398405981290592,0.0,13217.11180145661
NAU,25689993000.0,10.0,23400.0,6286.0,3669999.0,0.17653955764020643,-0.00239657034945262,7.309861606404362,0.15298392994031648,0.044997955585274,45756.43992627791
NAV,127199682000.0,250.0,18897.0,15100.0,7999980.0,0.69637975,0.14718021522656372,8.88254579928023,1.216849335693044,0.11320754716981132,13066.53135570339
NAW,373897215983.0,5910.0,10001.0,8100.0,37385983.0,0.3395632796387887,-0.010922783060976132,18.24917679296741,0.9321685990414444,0.0,10728.74586237307
NBB,1752796412500.0,14838.9,26800.0,16100.0,100159795.0,-0.4097095320283353,0.5689292783613406,187.85974474557884,0.9650744110876667,0.0,18133.316767022137
NBC,332992116000.0,63740.9,11700.0,8300.0,36999124.0,0.9998714293884363,-0.1867553150324368,8.910984198102517,0.620940037359363,0.05555555555555555,14494.153152490853
NBE,48500000000.0,2956.3,11474.0,9667.0,5000000.0,0.95,0.16982469409324555,5.33709880876945,0.5002907535078712,0.1134020618556701,19388.7253202
NBP,97777800000.0,1320.1,12100.0,7200.0,12865500.0,-0.13869185029730674,0.28350249315837556,9.50302191369535,0.40648535581902656,0.0001442112626792585,18696.86051711943
NBT,441000000000.0,420.2,19345.0,15000.0,29400000.0,0.6732515306122449,-0.0030564566395398863,8.240632086722863,0.9766716196025925,0.10666666666666667,15358.283888809523
NBW,371690000000.0,30.0,41797.0,29484.0,10900000.0,0.20090733944954128,0.13940589127359412,13.0554137536948,1.9424659147692618,0.055017215187387336,17555.0055940367
NCG,1283489042375.0,34177.3,13300.0,8800.0,119784325.0,1.0,0.6921197545370338,7.518220273282757,0.6126515558754181,0.00832660897378937,17489.549968887834
NCS,735876610000.0,10.9,43800.0,27300.0,17948210.0,0.2976432019035163,0.3476567792852541,10.301010288192618,2.812508937723702,0.0,14577.731451827229
NCT,2420330210000.0,15478.5,103645.0,88800.0,26165732.0,0.8088115020057531,0.2264305826659777,6.2558732797673455,2.96744763190488,0.08641058791725778,31171.569467806214
ND2,1799782560000.0,1080.2,39900.0,33281.0,49993960.0,0.1389867696017679,0.06949601376940599,8.279593084402409,1.938614432883648,0.06916450083558982,18569.96388211696
NDC,954240000000.0,103.0,175000.0,110200.0,5964000.0,0.1787248490945674,0.24339906853229565,10.594670806453633,1.4688307617825498,0.018632262323943664,108930.18049664654
NDF,7068420000.0,0.0,900.0,900.0,7853800.0,0.9208663322213451,0.0,,,,11089.635437240571
NDN,745242534400.0,190109.4,14100.0,8242.0,71657936.0,0.8886793780942839,0.8553507777770163,4.381658851978781,0.6060916697419004,0.048039377782997356,17159.120508006257
NDP,287490000000.0,3.9,27163.0,15690.0,11100000.0,0.41287864864864865,-0.060194262078387135,12.620729797419282,1.08382329656018,0.01925228103586212,23896.884374234236
NDT,74993684920.0,5508.1,5800.0,4070.0,15639976.0,-0.17131490483105602,0.1539326201328324,4.405167159079927,1.472810903385723,0.016957427833511503,3255.679319712511
NDW,496306696000.0,0.0,14500.0,6700.0,34228048.0,-0.09554231979087746,0.06659377763557209,15.849201800047158,1.1926523931261948,0.016551724137931035,12157.775462129772
NDX,64236631900.0,5870.1,6700.0,4800.0,9587557.0,0.8677128951554419,0.14331802141152095,13.189446515171557,0.5579736240283021,0.00019140790287916698,12007.73604965269
NED,276898500000.0,21051.2,7600.0,6700.0,40500000.0,0.49988024691358024,0.2042569644647798,7.1978863547850755,0.5440877043430462,0.07040418059324988,12565.988801851852
NEM,117685050000.0,296.4,25900.0,10800.0,8848500.0,0.04487924506978584,-0.10785290208184509,,2.3162905369856235,0.0,7986.908250324914
NET,1489491871000.0,2094.3,78218.0,61600.0,22398374.0,0.38735061750464567,0.154152741585806,10.249355478649752,2.5671966956227648,0.09774309537000488,25903.741662408174
NFC,928144340000.0,3349.1,66708.0,37467.0,15731260.0,0.7384511475876694,-0.09581145059927633,6.027181016382458,2.429846803790407,0.03389830508474576,24281.366178297223
NGC,2759824800.0,0.0,2000.0,1200.0,2299854.0,0.27887944191239966,0.09650569646715973,,,,-2748.249645847084
NHA,816340707000.0,121377.9,24031.0,11900.0,64788945.0,0.6804113109111438,0.9829445448947266,17.92300846400173,1.0775060786376978,0.0,11693.66952985575
NHC,62351611000.0,79.5,26500.0,17500.0,3041542.0,0.7103653344257617,-0.025319334391158813,10.47636170721221,1.0280709737198908,0.0,19940.257554227428
NHH,1197418400000.0,40610.0,13200.0,9770.0,112964000.0,0.39269472575333736,0.5554012468907159,8.562533820956581,0.6438936457860398,0.0,16462.34602464502
NHP,8272947000.0,0.0,300.0,300.0,27576490.0,0.8572152583595665,0.0,,,,6068.4822272522715
NHT,372057319000.0,30002.0,15500.0,9900.0,24003698.0,0.39843285603659606,0.15563100199404406,7.90384946606653,1.1419667576102062,0.0,13573.074607212606
NHV,3288067200.0,0.0,800.0,600.0,5480112.0,1.0,0.013175273658366822,5058564.923076923,0.062101193202037,0.0,9661.650107881007
NJC,68968904400.0,110.0,17400.0,11100.0,5224917.0,0.5300093762254979,-0.1527086147340264,5.475746955512608,0.6841386398237848,0.0,19294.334849146886
NKG,6333127966150.0,2943157.9,19900.0,12350.0,447570881.0,0.7974914190183878,0.8259719099699677,41.11099911319856,0.8286450444351144,0.0,17076.069053965108
NLG,12855080649500.0,2303136.5,43066.0,24200.0,485194883.0,0.7454325069623622,1.019392553758411,19.440914820543053,1.0097772412929085,0.014945778378797871,26238.138211805915
NLS,34066640000.0,0.0,6800.0,3500.0,5009800.0,0.17407880554113936,0.15231253691194718,2.115442580519124,0.408572999143669,0.19117647058823528,16643.29266557547
NNC,983112000000.0,44600.1,76500.0,28280.0,21920000.0,0.2048160583941606,0.25489776550466214,5.742710611658028,1.839424094001217,0.02219245777693691,24382.63157814781
NNT,559959619000.0,180.8,68500.0,54100.0,9490841.0,0.7507807790689992,0.3018925521702157,8.574007095725063,1.9741982377734384,0.10278701739205234,29885.54992660819
NO1,130800000000.0,36690.0,7653.0,5450.0,24000000.0,0.37939104166666665,0.4474945002807226,21.35117654073313,0.4278396257108501,0.10989908256880734,12738.418025083334
NOS,16850879316.0,662.0,1100.0,600.0,19525932.0,0.4819107499002792,-0.031606216397534886,,,0.0,-273510.01052420953
NQB,174025060400.0,0.0,10100.0,7600.0,17230204.0,-0.07207715010222746,-0.03223722783163015,12.488663404927598,0.8780396558925061,0.03762376237623762,11502.897314738699
NQN,609979116000.0,90.0,15747.0,10500.0,50831593.0,0.9951863915101391,-0.16022942696537584,8.98165005515277,0.8835229784219751,0.04783333431041596,13581.98970832962
NQT,144042825100.0,0.0,7900.0,7900.0,18233269.0,0.32153131728600065,0.0,8.216957343634554,0.6354413394387463,0.057911784805725806,12432.304147819023
NRC,611145229200.0,1504220.1,7000.0,4500.0,92597762.0,0.8750707495500809,0.7209759792182954,41.5433753285819,0.597150499944304,0.0,11052.49011868127
NS2,880400000000.0,421.4,38700.0,13437.0,56800000.0,0.9968468309859155,-0.07086916895769141,43.29557417955452,1.4958154579647063,0.01096774193548387,10362.24082153169
NSC,1353237732000.0,1080.0,81709.0,71000.0,17574516.0,0.9939350615352669,0.23206035561038527,6.05560215712229,0.8935248712503034,0.025974025974025976,86175.55311275713
NSG,112309704000.0,0.0,13000.0,10200.0,8639208.0,0.9996319107029256,-0.007627083837699575,,,0.0,-3742.356046873741
NSH,107605872400.0,198166.8,5800.0,4000.0,20693437.0,0.478461891081699,0.21740187577253253,26.062100575919022,0.44373369331346213,0.0,11718.74049313316
NSL,224995158000.0,0.0,22700.0,17200.0,12499731.0,0.12713274183927645,-0.05036619911593143,33.06690653452456,1.693033466716815,0.044444444444444446,10631.80400970229
NSS,37976585400.0,0.0,3700.0,3700.0,10263942.0,0.9796569388252584,0.0,66.59644289674439,0.2298414041830564,0.0,16098.056889058804
NST,137784636900.0,3382.0,13937.0,10406.0,11202003.0,0.8222017973035715,-0.2888782005836129,5.485804274725401,0.6952306915906967,0.08531001602545138,17691.96922514661
NT2,6621148667000.0,1242355.0,28900.0,17324.0,287876029.0,0.27300497812549723,0.6602777659919947,5.199996434285826,1.3625442404192047,0.030434703107988677,16880.18584477209
NTB,15911830800.0,0.0,400.0,400.0,39779577.0,0.8799353748784207,0.0,,,,-46652.964424885664
NTC,3367197194000.0,7001.2,169761.0,136465.0,23999980.0,0.2674185561821302,0.3312852365657581,11.53286026633857,2.5426650517773144,0.04277555209913257,55178.32555331296
NTF,180000000000.0,32.9,20600.0,8000.0,15000000.0,0.41675666666666666,-0.025167881509686463,55.825227674390845,0.9935619056465683,1.7416666666666665e-05,12077.757743933333
NTH,631920100500.0,86.0,60900.0,46613.0,10802053.0,0.4290614941437521,0.06156793355517467,9.58645407977683,3.2724366698555385,0.0879523950195979,17876.587357329205
NTL,1951678400000.0,569505.9,20876.0,13619.0,121979900.0,0.5101906213141589,0.7782677067127536,76.13972447091423,1.2013754561537726,0.0625,13318.067984528598
NTP,10375170429000.0,134869.7,73900.0,54500.0,169806390.0,0.3987805924327287,0.6047089686081866,10.020882967700844,2.452960879803346,0.038465836945144605,24908.67282192384
NTT,223250000000.0,0.0,10700.0,7900.0,23500000.0,0.3532888085106383,-0.029837575413055744,5.65179127144723,0.982392300753496,0.0,9670.271227404255
NTW,198000000000.0,100.0,25000.0,11522.0,10000000.0,0.44585852216748767,0.09846938005668912,10.736632538045695,1.1761377156774426,0.07621579962121212,16834.7632561
NUE,61800000000.0,150.6,12300.0,9100.0,6000000.0,0.4947,0.11652945766578346,8.358187963951526,0.8596879362952662,0.07611814336569579,11981.091702166666
NVB,20786033710800.0,135845.5,18200.0,10200.0,1924632751.0,0.9377167459764831,0.8330158557292949,318.04323567537796,1.5052560195333917,0.0,7174.859199930554
NVL,38433339352800.0,41631235.7,20500.0,10500.0,2234496474.0,0.4634840618683384,0.9712756729330391,12.445003734784557,0.8476852752583494,0.0,20290.549455112276
NVP,424273200000.0,220.0,69900.0,7500.0,10878800.0,0.984023291784187,0.07249043161821898,27.914361343079726,2.895463567329897,0.008391064118591512,13469.34578629996
NVT,688705000000.0,1870.0,9200.0,6940.0,90500000.0,0.057980917127071825,0.21461861535542193,15.054789118832966,2.8764008950966455,0.0,2645.6673730607736
NWT,53550000000.0,0.0,6300.0,6300.0,8500000.0,0.9789411764705882,0.0,6.336342985261796,0.5448700964216688,0.1111111111111111,11562.388982941176
NXT,25740000000.0,480.0,6600.0,3500.0,6600000.0,0.9995151515151515,0.6336706289777181,10.20974253547215,0.28483966899899205,0.0,13323.28468621212
OCB,29959338195000.0,1606702.3,14600.0,9221.0,2663052284.0,0.8487907209260034,0.9126649910487314,7.0116205666521845,0.8584164651656129,0.05722018713457766,13105.526811894919
OCH,1120000000000.0,66931.5,6800.0,5400.0,200000000.0,0.177125425,0.37128431805706485,13.929505454152217,0.6920343505601754,0.0,8092.08386183
ODE,455090000000.0,16020.1,46600.0,44100.0,10000000.0,0.8825,0.13061589665874607,111.67309237518941,3.399382969425746,0.0,13387.4295451
OGC,902999996990.0,467610.0,5260.0,2800.0,299999999.0,0.32784119333333334,0.7309015744756288,16.386723855937028,1.2084746894098226,0.0,2490.743104822477
OIL,14637450113500.0,2638142.4,24100.0,9743.0,1034229500.0,0.947664220562264,0.6056227568109521,15.86197147646182,1.3238358371321635,0.017664099484208294,10690.902605159687
ONE,95513496000.0,2393.3,12500.0,5000.0,7959458.0,0.6549987478367478,0.2113052269416682,28.374092122924957,0.9208276693336807,0.0,13031.754365812345
ONW,27500000000.0,0.0,5800.0,3000.0,5500000.0,0.7751587272727273,0.128627169649026,9.867739263849893,9.442617143511622,0.0,529.5142145454546
OPC,1505195962000.0,3012.5,25200.0,21800.0,64050892.0,0.3837648350002682,0.11314465442907691,13.499546107315771,1.6200760917412786,5.672351119421885e-06,14505.491513513973
ORS,8423067204000.0,1853659.8,16600.0,8320.0,623930904.0,0.49000000006410965,1.0545293783361156,52.84382282278137,1.097926720277666,0.0,12295.902586819133
PAC,1572274576400.0,323321.9,34200.0,20496.0,69723928.0,0.8639516918049268,0.571943928249864,14.208733863207636,1.5030621475628954,0.04433448374303942,15002.70633291056
PAI,57599944000.0,0.6,13800.0,8753.0,4235290.0,0.019042379624535748,-0.1265293017117614,14.774957977868864,1.2737258635496345,0.057469848408185954,10677.336771744083
PAN,6841303062500.0,1051151.9,35350.0,23009.0,208894750.0,0.4981022707765969,0.5273441764618201,5.947876062995552,1.2806159156502355,0.01556732925395088,25573.63187491787
PAP,9317700000000.0,199.5,29700.0,23000.0,357000000.0,0.8584324481792717,0.16721122584117784,1343.8363451590585,2.640000168366238,0.0,9886.363005859945
PAS,73126266576.0,51154.6,4700.0,2400.0,28049968.0,0.9998506237155066,0.9596415291588039,4.442107072209935,0.2062044469644158,0.0,12642.792327606221
PAT,1679650000000.0,19364.5,97887.0,67100.0,25000000.0,0.28577824,0.11884573011792468,5.430106582539797,2.6555639252810344,0.03721013306343583,25300.08762372
PBC,685836778896.0,26068.9,7088.0,5600.0,116698448.0,0.19921294925875963,0.2866391289372168,30.717819362597968,0.5258437634051454,1.1067016575311091e-05,11176.323480463083
PBP,59993950000.0,1741.9,13500.0,11278.0,4799516.0,0.999234297791694,0.1220884936685495,7.740909602698156,0.8369825642412293,0.068,14934.600234273623
PBT,259329803200.0,132.4,34800.0,10438.0,17522284.0,0.1581871404435632,0.43022012756099265,12.416576380736352,1.3186957016604188,0.04790540540540541,11223.210920733849
PC1,7444264708300.0,12914775.0,31350.0,18100.0,411285343.0,0.7925886943167824,0.9057108972394861,7.148487999532319,1.1435080893469631,0.0,15828.484440662403
PCC,403650000000.0,3.0,35100.0,20989.0,11500000.0,0.39772547826086957,0.039393531027128614,14.423700789469745,1.5763556118680988,0.04244609676947851,22266.549334260868
PCE,197000000000.0,301.6,23560.0,18686.0,10000000.0,0.19252,0.11022367821366497,6.6986859937700824,0.9828906302278988,0.12688832487309645,20042.9217597
PCF,10725000000.0,4977.8,7600.0,3000.0,3000000.0,0.014418,0.5108513109507754,106.10178662448924,0.5015293488427471,0.0,7128.197000333334
PCG,43401000000.0,10.3,3400.0,1900.0,18870000.0,0.5847641759406466,0.014291688390345034,,0.29866784962879356,0.0004857261353425036,7700.862355484896
PCH,561558635300.0,103091.2,22300.0,13429.0,25409893.0,0.6337302955191507,0.07049850408373472,29.491027362161297,2.003047558874584,0.002136909531021506,11033.187855218437
PCM,59192000000.0,20.0,18100.0,6600.0,3920000.0,0.3729,0.02128572430171891,37.61318059232754,1.4125404543053646,0.0,10689.959323979592
PCN,44739870000.0,50.0,13600.0,11400.0,3924550.0,0.999057216750965,-0.084418996325858,18.904554388822593,3.1593933453320746,,4114.713990648609
PCT,824365577900.0,1122.2,11900.0,8000.0,80035493.0,0.865134834616437,-0.16675976416266822,13.6364598364889,1.1263897635561593,0.0,9144.25923712371
PDB,175526625700.0,45900.0,25960.0,9303.0,8909981.0,0.4143280140377701,0.23144783073959949,2.987366232480642,1.195493637637402,0.07614213197969544,16478.548592640098
PDC,64500000000.0,102.2,6900.0,4200.0,15000000.0,0.2148314,-0.20048326546591913,55.54341962933315,0.4433543753518338,0.0,9698.7877848
PDN,5895533502000.0,3677.0,115778.0,80450.0,55565820.0,0.7573243047614523,0.29533999063138705,13.164021877317845,3.97164194166189,0.02283334284833312,26714.392072212737
PDR,16314183346650.0,9106699.5,26300.0,14500.0,997809379.0,0.6285595116660053,1.190574017962433,27.33439721511128,1.3047047432291567,0.0,12531.570905102706
PDV,728904169940.0,31432.0,11405.0,9150.0,79314926.0,0.1898601657902322,0.19256413285619176,7.684865823548183,0.6875502039346697,0.04460326276865201,13366.296668094981
PEC,31154090000.0,0.0,10000.0,8500.0,3115409.0,0.38880224073307873,0.0,74.09265941666595,3.2640084482293843,0.0,3063.7175603588485
PEG,973975459800.0,535.5,4700.0,3200.0,231898919.0,-0.06278955530620649,0.6241042018901874,40.66558502381045,1.5053358765320737,0.0,2790.075002846391
PEN,53000000000.0,11.7,11200.0,7100.0,5000000.0,0.13336,0.018183767607557248,31.412871670215328,0.9574199229235121,0.0,11071.4220022
PEQ,239998188162.0,276.2,60691.0,32938.0,4965514.0,0.3653069954087331,0.17267252999655205,12.042044466898375,2.290752161124911,0.05126929121520857,21099.183412432227
PET,5240056632100.0,939971.0,51300.0,20197.0,106722131.0,0.7190957332387284,0.9788736333324817,17.8053028597375,2.1512566187798274,0.0,22823.869347511438
PFL,104250000000.0,39505.6,3500.0,2085.0,50000000.0,0.5834105,0.5207730857318974,18.848047526282038,0.45399573418187456,0.0,4592.5541652
PGB,6324958876000.0,40364.1,13841.0,10323.0,549996424.0,0.6628601116141075,0.6514762983560672,8.519495798817365,0.7826601083654102,0.0,14693.479170693663
PGC,814580347500.0,44872.1,17900.0,13050.0,60339285.0,0.29003724522092034,0.2278915588495854,7.245458651590991,0.9077218698763818,0.08147725206444414,14872.396984153856
PGD,2306637346300.0,13730.0,27700.0,23000.0,98997311.0,0.5399804073335992,0.08856787465241428,9.886853323376457,1.5032333803595246,0.06437768240343347,15499.921904626279
PGI,2162487522000.0,3863.8,22300.0,18500.0,110896796.0,-0.18171263487179556,0.13824038844283335,8.601867782355477,1.0650881578491576,0.01457396780345445,18308.34363925176
PGN,70039956600.0,61419.4,7700.0,5300.0,9464859.0,0.8007935458943446,0.12097821895091093,41.096129699939794,0.6381727303490703,0.0,11595.606719128093
PGS,2499939700000.0,734.2,53844.0,28773.0,49998794.0,0.64732898,0.031084392453662346,21.507487025435754,2.3861563365563803,0.03999031816647418,20954.20121221324
PGT,62706516900.0,611.0,10300.0,5800.0,9087901.0,0.20972081452031663,-0.07427748196569509,9.492490104457723,1.5780530513055948,0.0,4372.476574403704
PGV,26850886299400.0,14610.1,27500.0,18700.0,1123468046.0,0.9998543839314501,0.3472054153462286,6.166176784876611,1.4666666129762778,6.610284592503978e-08,16295.455141983628
PHC,251382357920.0,16871.1,6390.0,4440.0,50681927.0,0.7586728302576182,0.4578490782358643,10.52522779088668,0.38578667417357315,1.9071246843526306e-05,12856.84636625991
PHH,83260000000.0,0.1,7100.0,4600.0,18100000.0,0.3122867,0.2602377857426767,2.047919412183994,0.3150868383610811,0.0,14599.14994839779
PHN,435234660000.0,210.2,73200.0,58152.0,7253911.0,0.4426896056485943,-0.07533771365077631,12.758992973098392,2.587286464240057,0.0666061502316934,23190.319599041126
PHP,11859820080000.0,114847.9,40500.0,30100.0,326960000.0,0.07424860227550771,0.6704871036237147,11.995730055158985,1.871818382129599,0.016536650360382196,19378.48262753548
PHR,8658398752200.0,248497.7,69000.0,44222.0,135499198.0,0.2848070584152092,0.6668892034620234,13.07998972175734,2.0049207497995405,0.021266238790424646,31871.583954821635
PHS,1920089558400.0,99.2,15200.0,8124.0,200009329.0,0.36401255063457566,0.16585992094113974,23.437230978885765,0.8955955828417199,0.009460846459233575,10719.123881271558
PIA,95940000000.0,10.0,30832.0,23688.0,3900000.0,-0.16824589743589743,0.08680912627724403,7.955234200633422,1.5580652509657125,0.07310129080675422,15788.81242923077
PIC,513434321400.0,2675.7,24511.0,15400.0,33339891.0,0.948032433579342,0.007996936893909295,14.348314217226925,1.311783299456601,0.05143095075529168,11739.743909210742
PID,11200000000.0,0.0,2800.0,2800.0,4000000.0,-0.032742,0.0,,,,-2659.03231425
PIS,330000000000.0,0.1,16700.0,8500.0,27500000.0,0.031298181818181815,0.17198150618707914,11.915104739648239,0.9567188568137954,0.08330509056060606,12542.869741236364
PIT,106576687500.0,4896.4,9270.0,6000.0,14210225.0,0.2717889488000963,0.25947142127547007,322.36149876973434,0.9733640321585199,0.0,7705.236429753927
PIV,131167135882.0,418217.0,9000.0,2400.0,17324942.0,1.0,0.9827024810039107,18.009858446277235,15.137927177081036,0.0,500.1345237981172
PJC,218340457800.0,183.7,33000.0,22831.0,7326861.0,0.42244908097909517,-0.2139311554159106,4.919680614693214,1.2287136658845177,0.07241393272374096,24253.0060724504
PJS,189000000000.0,41.1,43855.0,18500.0,9000000.0,0.8294224444444445,-0.029210808335990195,8.751362831501744,1.321192584420857,0.04009193121693122,15894.730448555556
PJT,207771254750.0,1010.2,10500.0,8220.0,24882785.0,0.8424210955485891,0.04517959762366496,8.120967875733822,0.6186074285752119,0.07169068107098198,13498.059697135992
PLA,61000000000.0,161.8,7400.0,3800.0,10000000.0,0.8012425,-0.0071097726391506,,0.6195794343194072,0.0,9845.3881167
PLC,1712908399200.0,282464.6,37100.0,21200.0,80797566.0,0.19841568515607014,0.8871815277068209,65.8716211396148,1.3743047964032948,0.023540752890716516,15425.981234645113
PLE,75937500000.0,0.0,62500.0,13029.0,1215000.0,0.47129218106995885,0.19803193283783885,39.61450266307741,3.5415634654198382,0.0152,17647.57305925926
PLO,28770200000.0,1300.1,4600.0,3100.0,7192550.0,0.7091248583603867,0.11526231408954617,,1.7717974726660541,,1975.39507420873
PLP,395999326800.0,133645.3,8330.0,4100.0,89999847.0,0.7348471444444444,0.5186042901193538,15.864538109904105,0.3840268554404364,0.0,11457.532038882244
PLX,47774268036000.0,3999806.6,69500.0,32700.0,1270592235.0,0.9019209430444011,0.6252486265565026,26.85649873843857,1.8806422758015287,0.03190781776642435,19993.169612213944
PMB,138000000000.0,5931.2,11700.0,9861.0,12000000.0,0.14555416666666668,0.2232132581484192,5.361764624358276,0.8447135803647103,0.06086956521739131,13614.082059666667
PMC,1188969800200.0,282.5,183945.0,95103.0,9332573.0,0.8364888225358644,0.15635936924772412,14.406467963258365,4.906472732411069,0.051513318677814474,25965.70019811257
PMG,316013415960.0,1130.0,12900.0,6500.0,46336278.0,0.384529633562713,0.2988622847710015,12.458033227786363,0.7110237720233652,0.0,9591.803070932887
PMJ,30420000000.0,190.9,19859.0,13930.0,1800000.0,0.9706388888888889,0.1850185319214369,624.5196772354201,0.7982387281787354,0.05583606620644313,21171.611202777778
PMP,51240000000.0,410.0,14933.0,11200.0,4200000.0,0.16638095238095238,-0.08032643448601612,5.981295484666085,0.6800834831441488,0.08160660616705699,17938.974114761906
PMS,262864678000.0,2875.8,38997.0,29293.0,7201772.0,0.07716809140861444,0.1966907396631132,8.041700602778853,1.6225286436711615,0.07952045026376652,22495.75077911381
PMT,33098000000.0,820.0,7500.0,5400.0,4940000.0,0.775995,-0.1803871900072968,13.763504885060355,0.424775897985483,0.00019889494833524683,15773.022979352227
PMW,1858489280000.0,390.0,41508.0,32377.0,50229440.0,0.3849885843839788,0.04136637120192011,15.601889113809085,3.142611933780423,0.0538069630404325,11773.64586517389
PNC,307241535950.0,60.0,31500.0,17500.0,10799351.0,0.4371215266043558,0.17722524947909515,166.221037986623,1.6518619197279942,0.017678864555878093,17222.98919796199
PND,43333329000.0,313.3,10300.0,4200.0,6666666.0,-0.17312311731231173,0.2473825254772655,41.52066856321474,0.9711429305312841,6.688258361133529e-05,6693.144536864454
PNG,261000000000.0,20.0,45000.0,16600.0,9000000.0,0.205381,-0.14001690463641212,11.142596215382513,1.8228081532862668,0.034045310344827585,15909.51847988889
PNJ,35867137964700.0,1478558.2,84671.0,48071.0,511656747.0,0.7629248868787615,0.796478545031578,9.913047127893977,2.490571167289456,0.02260310591014788,28146.154151576153
PNP,316687000000.0,413.5,27000.0,18632.0,16100000.0,0.1216448447204969,0.01199873272672825,7.36626544748628,1.2840435282913008,0.08131057444416727,15318.795326335403
PNT,68688812800.0,2380.8,10900.0,5724.0,9282272.0,0.8245358459654747,-0.30330847162740654,9.89208834292248,0.5006823453854573,0.06756756756756757,14779.830102263757
POB,553720000000.0,0.0,50800.0,50800.0,10900000.0,0.004220091743119266,0.0,1331.4100518982302,4.943080771287786,0.0,10276.991688073394
POM,1061092018784.0,472066.9,8100.0,1400.0,279676336.0,0.26490345616474015,-0.04924456612688374,,4.37390068988401,0.0,-2232.877567500026
POS,690919474300.0,22942.4,21100.0,14717.0,45999965.0,0.1488818524101051,0.3964284541485883,6.632467649840287,0.761305468551947,0.00029197324363216317,19729.26850055212
POT,408030126000.0,39.4,25600.0,14619.0,19430006.0,0.7490548896382224,0.562089175085759,19.660987801097058,1.3310590350892297,0.005682317368889571,15776.911050825203
POV,95759527532.0,11421.6,13000.0,6930.0,12499612.0,0.25378219739940727,-0.11496353558194118,4.663582795023537,0.481257981358773,0.03633770434839701,15918.697033075907
POW,39015495344000.0,17752883.6,16550.0,10538.0,2786821096.0,0.9999648552969043,0.7435725740801109,12.264614343462227,1.0215076604390434,0.0,13705.232512874949
PPC,3170863104060.0,291541.3,12057.0,9626.0,320613054.0,0.011939531319447638,0.25757241259804997,15.201916989467014,0.695042755021172,0.05052641547970417,14229.340466542575
PPE,41400000000.0,40.0,15300.0,9900.0,3600000.0,1.0,-0.020931429856931513,13.63144137945469,1.2483850442146966,0.0,9211.901450833333
PPH,2059721857344.0,13630.4,29500.0,24139.0,74670891.0,0.2807215063229927,0.24037675427163221,4.4109432571885305,0.9400688417085313,0.07367762042914268,29342.53192549959
PPI,19316251600.0,0.0,400.0,400.0,48290629.0,0.9860932438879602,0.0,,,,-2986.4187118374457
PPP,164559831700.0,170.2,21224.0,16404.0,8799991.0,0.40014597742202235,0.09775231467745482,8.86890742518342,1.1083774210215518,0.08036871065905447,16871.50933006636
PPS,150000000000.0,30.5,11431.0,10000.0,15000000.0,0.06984886666666666,0.09950284610031329,10.038661892523479,0.8077716342177974,0.09790858466666667,12379.736520066666
PPT,304496306500.0,189701.4,15900.0,11944.0,19644923.0,0.8178626101003298,0.1361328134635642,24.98133311847212,1.4742445339114945,0.0,10513.859569060158
PPY,85964560800.0,2374.0,10100.0,8400.0,9343974.0,0.3285640563640267,0.01264349568100834,9.516634109557945,0.5432875591186893,0.07594503815576989,16933.94197158511
PQN,120000000000.0,0.0,4000.0,4000.0,30000000.0,0.04726333333333333,0.0,3.1377565320213265,0.5544723107231443,0.0,7214.066280033333
PRC,70676557200.0,7882.6,23550.0,11000.0,6199698.0,0.7876101384293235,0.6590853364723176,42.778982300646724,0.9656010316418997,0.0,11806.11828947152
PRE,2599560000000.0,12671.5,24900.0,18380.0,104400000.0,0.8572088601532567,0.11051045591387283,9.665272054670917,1.4876275859459915,0.06771111977334626,16738.060140344827
PRO,35700000000.0,60.1,22600.0,4000.0,3000000.0,0.393,-0.30088795485166514,32.45174598992684,0.7617318665031513,0.0,15622.295092666667
PRT,2970000000000.0,1371.2,11900.0,9059.0,300000000.0,0.20459433333333332,0.2118742392946747,22.69966664718825,0.8351055966838075,0.030305568855218856,11854.788231946666
PSB,267700000000.0,25886.9,8900.0,3900.0,50000000.0,0.42386036,0.3909994287646929,105.16326278150024,0.4760902597768338,4.820339932760553e-06,11245.76672186
PSC,80640000000.0,40.2,12242.0,9323.0,7200000.0,0.07456819444444444,0.2441684189336636,10.417154782408153,0.6537395962507143,0.0,17132.2038075
PSD,926426922600.0,74756.0,19200.0,11000.0,51755694.0,0.2118940188494043,0.5288748465743824,5.288056663893857,1.2017880479828922,0.0,14894.473305874326
PSE,138750000000.0,1559.5,12100.0,10100.0,12500000.0,0.966692,0.21416135078427423,6.975665044438213,0.7774251834243757,0.0728749945945946,14277.90125232
PSG,17500000000.0,0.0,500.0,500.0,35000000.0,0.5001714285714286,0.0,,,,-12343.607879428571
PSH,214534526000.0,0.0,1770.0,1700.0,126196780.0,0.5680691863292321,-0.009320762789583773,,1.7813079531319502,0.0,-205.61738355764703
PSI,514635180000.0,296051.7,10200.0,6500.0,59841300.0,0.4882610504785157,1.2515483447287306,8.278189575357965,0.662227314711902,0.0,12986.47731518199
PSL,118125000000.0,1018.7,15240.0,9300.0,11812500.0,0.9972048253968254,0.612501524798725,8.869193677224064,0.742054329543576,0.025,13476.102223068783
PSN,328000000000.0,13.0,11520.0,8200.0,40000000.0,0.0154175,-0.07217053664320404,8.659659523897393,0.5842815825034111,0.04878048780487805,14034.32907275
PSP,717720000000.0,121.4,21000.0,12876.0,40000000.0,0.4357,0.6038592387798153,63.471559028920176,1.5652338211676784,0.016061537925653457,11463.463003
PSW,136000000000.0,13203.2,9289.0,7394.0,17000000.0,0.24925882352941175,0.21010768346757375,6.0241750306989035,0.6394267730897554,0.06247132352941177,12511.205874823529
PTB,4040402025200.0,77041.7,57900.0,40881.0,80326084.0,0.6500252147235261,0.667928006540149,7.574244579950542,1.1507218096701168,0.024841970767755867,43711.69432724991
PTC,225341368000.0,4061.2,8580.0,5620.0,32191624.0,0.8447503730113952,0.5710156973317105,4.60640092938652,0.5223477164844733,0.0,13401.034941076598
PTD,121999591300.0,0.0,10300.0,4800.0,19999933.0,0.1735879815197381,0.1860821431136402,103.03546607905062,0.7424997779451576,7.163958425490234e-06,8215.490672443753
PTE,70358500800.0,0.1,5800.0,3000.0,12130776.0,0.4960762609086179,0.028482064627898287,,,0.0,-30389.55266109934
PTG,5995422000.0,0.0,1200.0,700.0,4996185.0,0.551056456075986,-0.08203067532271355,0.09271864623685525,0.030375800924557425,8.333333333333334,39505.131172684756
PTH,35031640000.0,0.0,10100.0,10000.0,3503164.0,0.7105479503671538,-0.005452499909245847,6.5162297696674,0.6746632846808054,0.09070635145828171,14822.208688488463
PTI,3376579612000.0,741.2,42000.0,20400.0,120592129.0,0.05280101655722489,-0.01858171326722883,11.719861667486354,1.240065553552661,5.543979070853905e-05,22579.451481240536
PTL,266000000000.0,56140.0,3930.0,2330.0,100000000.0,0.9307339146557885,0.5926626802400432,22.173044356695346,0.6030224820609548,0.0,4411.11248607
PTM,429440000000.0,965.9,26839.0,10100.0,35200000.0,0.933493409090909,0.1212759281127353,11.963807593628719,0.993322805760777,0.07442457619225037,12282.009362159091
PTO,26280000000.0,0.0,22119.0,14811.0,1200000.0,0.9914333333333334,0.2301927607074397,32.38971162994809,1.4316075634638497,0.021554033485540334,15297.488333333333
PTP,76720720500.0,730.0,14000.0,7610.0,6671367.0,0.3097775,0.14675518222449696,139.07307509426698,0.5772170618930296,0.07465540303417771,19923.18099933642
PTS,51782400000.0,1839.9,11200.0,8900.0,5568000.0,0.9868372844827586,0.055250078026143096,4.78199985572217,0.4739330929317903,0.05359818007662835,19623.02303573994
PTT,161633085600.0,181.3,11800.0,6200.0,16493172.0,0.46207800415832684,-0.455876500187285,12.107479419701718,0.6892956539333631,0.0,14217.411562190706
PTV,113000000000.0,25187.9,9700.0,3400.0,20000000.0,0.24695,-0.06395631063574758,101.11459576843293,0.5600839409007872,0.0,10087.77361285
PTX,119877542500.0,272.3,31800.0,17687.0,5847685.0,0.2862354931908952,-0.26182029555961345,4.570317077484722,1.0453526220572442,0.12878047779466284,19610.60752844929
PV2,77424480000.0,96272.1,3200.0,2100.0,36868800.0,0.3642329317269076,0.6978559703333463,45.39266371122867,0.3397047273106038,0.0001775536626142016,6181.839200841904
PVA,10923000000.0,0.0,500.0,500.0,21846000.0,0.6532874210381763,0.0,,,0.0,-1586.324223015655
PVB,587519945600.0,112160.0,42000.0,26300.0,21599998.0,0.47064809913408323,0.5838987522379535,7.647490957251518,1.29400622692778,0.0,21019.99158425848
PVC,1193558606100.0,1260818.4,21800.0,8900.0,81194463.0,0.9324964437538062,0.6852556290922738,37.11449432193639,1.2410153588669395,0.0,11845.139461788176
PVD,17121104184800.0,3739098.3,45000.0,17602.0,555880006.0,0.9990353373128478,0.6017202060875216,14.400642351694657,0.9963249886298654,0.016233766233766232,30913.607860378776
PVE,67125000000.0,9051.3,3500.0,2200.0,25000000.0,0.72102228,-0.00846067099906084,47.85806276066068,,0.0,-4639.53638688
PVG,247990836400.0,75304.8,9300.0,5900.0,39998522.0,0.3368606470009067,0.5601335973317066,15.654349177752454,0.48644294661464554,0.0,12745.585156796544
PVH,14700000000.0,72.3,1000.0,500.0,21000000.0,0.27314285714285713,0.3207161667213224,,0.3263004763921029,0.0,2145.2619614285713
PVI,19352248193000.0,59787.5,112500.0,51897.0,244965167.0,0.10812637700444978,0.4470676080679226,14.645613675929832,2.223718010340301,0.03993281681135785,35526.08722538091
PVL,131950000000.0,45201.4,4800.0,2400.0,50000000.0,0.585202,0.24787302609007025,345.0639327498403,0.9041655541565062,0.0,2918.71326868
PVM,740663323400.0,12841.5,19700.0,13451.0,38638600.0,0.8188236633832489,-0.11552291905548441,22.54839123132397,1.3251837405887705,0.034936235375091614,14465.163896052134
PVO,58481900000.0,23672.8,11500.0,5320.0,8900000.0,-0.25364044943820224,0.34190487572809697,38.784578934039885,0.5718897605296194,0.014607776081146474,11489.976658988764
PVP,1866644136000.0,1522516.8,19050.0,12811.0,103702452.0,-0.38801073864675834,0.3424258528413039,7.989380332344721,0.9301466103631532,0.05523555208597082,19351.787986382424
PVR,57097384300.0,2571.9,1300.0,900.0,51906713.0,0.21549898774810142,-0.09737526501505811,,0.12491787266160904,0.0,8805.785565847716
PVS,19791957831300.0,4303122.1,54600.0,24307.0,511420099.0,0.9993600556980899,0.6252331384585397,10.235886059623978,1.2785234940883137,4.5365749444961534e-06,30269.291240202117
PVT,10385480293500.0,8661039.9,30700.0,16364.0,469931235.0,0.9994157230259444,0.5810132585245266,9.085317440118486,1.1548052111956646,1.0869271021644541e-05,19137.426628962003
PVV,48000000000.0,22900.1,2200.0,1200.0,30000000.0,0.48082,-0.07654105261795552,0.4247789863113419,,0.0,-1052.583298
PVX,680394946329.0,245345.2,2900.0,1500.0,399997029.0,0.9999269075,0.03815831267717358,19.886731499718433,4.7053226426714065,0.0,361.5054968970782
PVY,113387534022.0,2527.0,3100.0,1800.0,59489787.0,0.6008356863002384,-0.09254787951900269,37.366924298170495,,0.000545637582946252,-8287.229411192882
PWA,62170000000.0,4375.2,9500.0,3300.0,10000000.0,0.71643,0.07125969677353379,7.23203117236274,0.8088821222848035,0.028947034936464534,7685.9159434
PWS,429672084800.0,80.0,16000.0,10819.0,38363579.0,0.017123650577283885,0.05855930573663577,16.55956203543264,0.9832433022871544,0.08924905057038976,11390.873422628269
PX1,200000000000.0,0.0,10000.0,10000.0,20000000.0,0.999785,0.0,,,,7532.89221965
PXA,12360000000.0,9285.6,1100.0,600.0,15000000.0,0.85706,0.15730490310041922,28.74869397544183,0.40462905313841163,0.0,2036.4331073333333
PXC,14034450000.0,0.0,500.0,500.0,28068900.0,0.044066564774536944,0.0,,,,-6602.554405872692
PXI,25320000000.0,8300.0,1400.0,844.0,30000000.0,0.48909633333333336,0.2119989455704687,268.37925987550614,0.18590909713356804,0.0,4539.853148733333
PXL,2309441819400.0,45989.7,20700.0,12120.0,175997700.0,0.7365588107558808,0.8623746774390083,1686.990470634842,1.3112936748115929,1.0322342740893731e-05,10006.91168733455
PXM,7635000000.0,2230.0,700.0,400.0,15000000.0,0.5146666666666667,0.24381622119410545,,,0.0,-33989.59962446667
PXS,163080000000.0,23216.1,3700.0,2300.0,60000000.0,0.3875146037495132,0.09608863741264294,11.036721150881014,1.7169302962636566,0.0,1583.0578596666667
PXT,32000000000.0,333.0,2100.0,1300.0,20000000.0,0.48965,0.2491343656448967,19.06760624592501,0.5534698467171486,0.0,2890.85306
QBS,35011613640.0,43567.8,800.0,500.0,69329928.0,0.9990641848063077,0.24463895935595717,,0.155564345474688,0.0,3246.2451370784634
QCC,33408712500.0,283.4,30200.0,10000.0,1329700.0,0.8513333333333334,0.609741149994304,31.192121755126042,1.580436549056532,0.02073209795199381,15897.506302925472
QCG,3755512774650.0,330849.3,18800.0,10850.0,275129141.0,0.39559491862208357,0.4486880525497424,21.414504993407306,0.8568869856427719,0.0,15929.755298781673
QHD,357992406000.0,296.7,57200.0,24905.0,6629489.0,0.8762625596030101,0.07418817860624134,13.002094453545277,2.645323919765526,0.03158160065831117,20413.379093773292
QHW,284066640000.0,320.0,39100.0,31300.0,7979400.0,0.336325,-0.34219366408666696,7.599203954166226,0.9460049902371334,0.03370575298810167,37631.93679462115
QNC,320276608000.0,1674.7,6700.0,5000.0,59932000.0,0.32545298333333333,-0.15206559013978552,8.290359034150752,0.44184842152044096,0.0,12094.645447890944
QNP,1313323375000.0,1600.0,34091.0,28400.0,40409950.0,0.999636228206172,0.13717133860943492,8.264313515956935,1.3458492431553848,0.04307378028659545,24148.32134080839
QNS,17425419507741.0,232579.2,47537.0,41178.0,367648153.0,0.6611498739121913,0.1416697651202781,9.093098898313531,1.8260213947866888,0.08438728829723485,25956.431910008807
QNT,32220000000.0,42.0,13700.0,7300.0,3222000.0,0.226536312849162,-0.17317511548294076,16.799817052807906,0.8922933912377988,0.0,11207.076168218498
QNU,68000000000.0,0.0,10000.0,9216.0,6800000.0,0.04864720588235294,-0.005598622538799196,19.662947714761476,0.7125517369387019,0.04050000357352941,14034.06866
QNW,346580000000.0,510.0,20000.0,13000.0,20000000.0,0.2643294,0.29855631564834695,8.46212949057491,1.2508101733079569,0.057760847596514515,13854.22054425
QPH,648550190000.0,237.2,44771.0,24343.0,18583100.0,0.06917268916381013,0.11513019639450639,8.184483608100406,2.1325912362137647,0.27574895938277344,16365.067720132809
QSP,271965330000.0,134.9,30786.0,23800.0,10792275.0,0.7979172139331142,-0.04492275023572415,8.848298115139846,1.2385948975016838,0.07930156027608372,20345.635244283527
QST,131868000000.0,0.0,40700.0,17800.0,3240000.0,0.5986734567901234,0.27626164684657123,8.376096042454503,2.0886494013368804,0.04914004914004914,19486.27662160494
QTC,94500000000.0,50.1,38800.0,14182.0,2700000.0,0.9814755555555555,-0.28101217815032026,23.191130998446404,2.2421465516801216,0.017142857142857144,15610.041178518519
QTP,5502766200000.0,466683.7,14200.0,11489.0,449940000.0,0.8193243766943692,0.19307819363126283,5.188827478623113,0.969318506610108,0.09805981529362451,12617.11183331333
RAL,2034497001600.0,13807.7,94787.0,82726.0,23547419.0,0.4401046670974853,0.19253252161713003,5.399089282124187,0.5886199136745163,0.05510995637340535,146784.02478883142
RAT,103040033400.0,0.1,20400.0,15000.0,5921841.0,0.20030460122114052,-0.005023096979552721,16.677062701362235,1.3671574591254994,0.034482758620689655,12727.13679310201
RBC,61157469600.0,230.3,8000.0,4600.0,9864108.0,0.15253153229981298,-0.2461523963013111,25.178868525060945,0.41790491690306936,0.0,14835.91063236534
RCC,566477242800.0,41.0,32500.0,13600.0,32064749.0,0.6995965881410767,-0.1529973236855072,334.3644590118067,1.6430421059230194,0.0,10752.412813647785
RCD,9214680800.0,3008.9,2000.0,1300.0,4849832.0,0.6402517555455012,0.006066634081090781,,,,11733.164631475895
RCL,172456162200.0,9659.4,14100.0,11000.0,14135751.0,0.6032548960433726,0.24495277716102495,21.530867728464226,0.5872940773391675,0.0,20773.23860522161
RDP,63790743900.0,0.0,1300.0,1300.0,49069803.0,0.9320162544773208,0.0,5.408245407680245,0.2523147194056088,0.0,5191.928568757449
REE,33041146479000.0,914846.6,71700.0,57700.0,541648139.0,0.38285133183089853,0.4362223668713093,12.556503142467774,1.5652333702502577,0.01303597436619687,38972.54387223695
RGG,6930000000000.0,56.4,42200.0,18600.0,180000000.0,1.0,0.11511939140432349,49.66194041259928,2.8389636041588737,0.030387733831168832,13561.286923016667
RIC,627478179418.0,3320.1,14900.0,4100.0,70368754.0,0.34919758562159564,0.2722239406045063,26.679232765384683,1.0552079612422645,0.0,8450.466948242398
RTB,2575293435000.0,6370.0,33713.0,26838.0,87945000.0,0.01414067883336176,0.2677590214514297,4.585466934502585,1.1403665856921048,0.06829210124554214,25678.584735300472
RYG,468000000000.0,95487.2,14300.0,9900.0,45000000.0,0.5206422222222222,0.16849983886655748,12.69933610020258,0.6456576814941274,0.0,16107.606705666667
S12,9000000000.0,0.8,2000.0,1400.0,5000000.0,0.45,0.27246265643067846,,,0.0,-33486.0990038
S27,1100983100.0,0.0,700.0,700.0,1572833.0,0.1957175364453823,0.0,,,,-22140.234040104704
S4A,1350400000000.0,480.0,35122.0,30418.0,42200000.0,0.6644678436018957,-0.06383291085187938,7.730718466132208,2.3330214472742865,0.07164610537618483,13716.11908556872
S55,670000000000.0,120.1,67000.0,49915.0,10000000.0,-0.126139,0.11295303024147982,6.63639895779658,0.8265490052147689,0.04633223283582089,81059.9245505
S72,85200000000.0,2.0,9300.0,6900.0,12000000.0,-0.011418,0.10709200489029086,11.100333237632132,0.6829962871861367,0.0,10395.371297333333
S74,105624000000.0,0.0,16800.0,16300.0,6480000.0,0.15964259259259259,0.012305398650782649,3.499834855850269,0.471292348012722,0.0,34585.7514316358
S96,4462212800.0,0.0,400.0,400.0,11155532.0,0.9781650036950277,0.0,,,,3221.047583297686
S99,968027625600.0,85464.9,12000.0,6412.0,104088992.0,0.6497588621090691,0.6127327962949419,11.231679648239783,0.6599903647728109,0.0,14091.11480468559
SAB,59318509705000.0,1159930.6,53700.0,42200.0,1282562372.0,0.4639725996888984,0.5563092608218732,12.318847189078651,2.6603819067632197,0.10810462231082446,17384.72205153076
SAC,47805890000.0,431.5,15400.0,11300.0,3950900.0,0.3208641975308642,0.2727698503634994,7.602455253289147,0.9604279971444059,0.08555216679367333,12598.549850666937
SAF,632445975000.0,1992.9,56772.0,45796.0,12046590.0,0.09095644493586982,0.3668489558381205,12.99548554170079,3.284750183682645,0.0,15982.950624616593
SAL,19113000000.0,0.0,2300.0,1214.0,8310000.0,0.06565583634175692,0.14541849136905313,2.39545628558332,0.20596414907715296,0.19316966148694606,11166.9919755716
SAM,2526740457150.0,70757.2,10500.0,6050.0,379960971.0,0.9557326033888885,0.7406379196137898,25.09894922923575,0.6163823985806619,0.0019480087422796978,10788.757134066278
SAP,18661268000.0,0.0,38900.0,13700.0,1286984.0,0.5064196602288762,-0.07712319157632128,118.81293334978248,6.887287452746872,0.0,3295.927483169954
SAS,4833761632110.0,13694.1,43552.0,30300.0,133451910.0,0.07779830749338615,0.3864253713168119,6.551154655154217,2.3765832183395776,0.07757754858845023,15240.787581301758
SAV,398312091000.0,7722.0,19000.0,12350.0,26033470.0,0.4108806760996533,0.41249986415115586,27.463879017427406,1.068616063623591,0.06221452639759309,14317.583761672953
SB1,78750000000.0,131.8,7727.0,5800.0,10500000.0,0.45519533333333334,0.03502193388134995,4.48890746870586,0.5610896977423111,0.09107815492063492,13366.846745142857
SBA,1711817786300.0,9672.0,31000.0,27900.0,60488261.0,0.9940414223513551,0.06746703404731094,10.30486665978925,1.5778416287436456,0.052502877873620325,17935.893872019235
SBB,1605112465704.0,50465.0,18339.0,13900.0,87524536.0,0.2751502504394882,0.20337081116257152,8.809101660649175,1.147486356475382,0.0005326729548667472,15981.889367582595
SBD,114115136000.0,3052.5,9300.0,6800.0,13916480.0,0.5566444963094116,0.08371543300091795,20.296320187430627,0.7207884432750047,0.0,11376.4310131585
SBG,599999556000.0,83976.9,15600.0,11350.0,49999963.0,0.9481332016185692,0.10544382677639376,19.388262289861345,0.972666269924815,0.0,12337.222304344505
SBH,5155337500000.0,568.4,47178.0,38228.0,124225000.0,0.7419754799758502,0.31647831576660856,9.12165103751831,2.4996838220690374,0.036084412681419986,16602.099687011472
SBL,66066000000.0,60.0,7800.0,5100.0,12012000.0,0.23083216783216784,0.20612518646359854,107.69968464757672,0.37432099718528977,0.0868051948051948,14693.271393689643
SBM,1554050878500.0,40.0,34988.0,29764.0,45044953.0,0.2652223435553368,-0.05051588667589002,10.38936446401928,2.74074958079964,0.11661201100759198,12587.797236818074
SBR,667448774400.0,380.0,9800.0,7807.0,81396192.0,0.024436892576006505,-0.05948443903645118,26.26670203354624,0.8114212504428421,0.01931440273538391,10105.724980119463
SBS,734650683600.0,532332.0,7600.0,4500.0,146607600.0,0.862217238396918,1.1476818781305478,,3.233622358902817,0.0,1549.6552917515871
SBT,18931825810800.0,444689.2,25377.0,16321.0,928030677.0,0.4633223035147576,0.3282803862901696,24.617608061385177,1.6311951375461649,0.003885355986025838,12506.16773581613
SBV,186772277580.0,2194.5,8762.0,6510.0,28690058.0,0.22644315205071544,0.20338240605087957,18.495392016663317,0.4228113050367702,0.0,15396.939302353449
SC5,256967007850.0,1780.0,18300.0,14550.0,14983499.0,0.1505232389361042,0.04144447973664593,6.123546071870328,0.5993666522483119,0.0,28613.537199088143
SCC,10543500000.0,20.0,3200.0,2000.0,4792500.0,0.7480808204876251,0.2100012650207487,21.450271458388425,0.3982157384463543,0.0,5524.6435225873765
SCD,102000000000.0,3.7,19700.0,9800.0,8500000.0,0.31946198001492543,0.12289344923319419,,,0.0,-19838.848626
SCG,5754500000000.0,21240.9,69700.0,60700.0,85000000.0,0.5784853764705883,0.134141331852727,16.29269467015254,3.3646671901512546,0.0,20120.860749070587
SCI,474600000000.0,74300.4,11400.0,6400.0,42000000.0,0.5638689761904762,0.43881163606304274,445.9123812386926,0.9518527259062127,0.0,11871.584429452381
SCJ,166923354000.0,540.7,4100.0,2800.0,57839000.0,0.12660785974861252,0.12317690498384261,10.70968094441428,0.2364621947880164,0.0,12204.910821314337
SCL,536973250000.0,68122.8,23376.0,17775.0,24407875.0,0.6313488986648776,0.345975683677756,7.3299928299570825,1.195535295944147,0.0,18401.79882152789
SCO,21949380000.0,20361.5,5400.0,3500.0,4064700.0,0.31099564543508745,0.035869870913123665,3.6270855055878997,,0.0,-17946.69778556843
SCR,2458697655560.0,1833770.9,10400.0,5520.0,430595036.0,0.8250700386615697,0.937391295005235,28.000474300494407,0.4648143581700542,0.0,12284.474219944328
SCS,4915145667600.0,124890.6,63117.0,51200.0,94886982.0,0.22221444454835754,0.4343291579984997,6.515000125301358,2.8330176020618767,0.11395056298982108,18284.39045429857
SCY,627187500046.0,10179.6,16928.0,9200.0,61968926.0,0.021441891699075115,0.19961271676393913,7.39763837448256,0.6598682663704369,0.03754569706550736,15337.909876572656
SD1,6222622400.0,0.0,800.0,800.0,7778278.0,0.35139692872895517,0.0,,,,-11629.970238528373
SD2,86541216000.0,150.0,6700.0,3300.0,14423536.0,0.4141562096839499,0.20537859032970499,8.29035054851802,1.0139647159819096,0.0,5917.365669070331
SD3,129434790040.0,6340.0,8400.0,6300.0,15999356.0,0.4878846373566536,0.19111748546110416,4.595203806982743,1.9404403297466861,0.0,4169.156802186288
SD4,18540000000.0,0.0,2500.0,1600.0,10300000.0,0.34199766990291264,0.04557362056249393,,10.773069235522527,0.0,-1203.8107803883495
SD5,187198905600.0,9403.3,9293.0,7000.0,25999848.0,0.3583593257929816,0.31553728391660707,7.878952717120177,0.382414787690701,0.20808978348535814,18827.723800846834
SD6,71247030939.0,2190.2,2720.0,1900.0,34771611.0,0.298499571964037,0.10650113466802233,29.721604385720422,0.6260121907832086,0.0,3273.0991986537524
SD7,30740000000.0,350.0,3100.0,2700.0,10600000.0,0.3501978301886792,0.03438690221463621,40.032958507026215,0.21915610241039224,0.0,13232.576999245282
SD8,4200000000.0,0.0,1500.0,1500.0,2800000.0,0.9141785714285714,0.0,,,,-10569.947787142857
SD9,376574000000.0,17164.9,12429.0,9848.0,34234000.0,0.373536133668283,0.27339549229576626,11.911374209040627,0.5379755728188038,0.09090909090909091,20447.0250245078
SDA,39308985000.0,52179.4,4500.0,1500.0,26205990.0,0.8394143086521878,0.20213862921127718,16.638614477100045,0.4429559662051045,0.0,3386.341113882742
SDB,5500000000.0,0.0,500.0,500.0,11000000.0,0.9563636363636364,0.0,,,,-698.7013725454545
SDC,16440782400.0,20.0,8438.0,6094.0,2609648.0,0.23058845618861865,-0.17184823825371653,6.959185921171867,0.30978129102963575,0.07936507936507936,20336.928608762562
SDD,20809534200.0,9720.3,1400.0,1100.0,16007334.0,0.8978033988050115,0.09575522034727517,,0.2589934942499893,0.0,5019.43110101907
SDG,110525967300.0,11.0,14301.0,9300.0,10139997.0,0.6835206164262179,-0.2524943471502605,52.45703453323948,0.6184867379051598,0.0915121961570021,17623.660026921112
SDJ,13465470000.0,0.0,3100.0,3100.0,4343700.0,0.24049519994474758,0.0,,1.472184473597523,0.0,2105.7143690862626
SDK,48359814000.0,11.9,21887.0,13600.0,3119988.0,0.5158827533952054,-0.1416511967242736,40.45595844151875,1.0372492210560895,0.0,14943.371067773338
SDN,51619412000.0,90.9,28181.0,16200.0,3036436.0,0.3827401598452923,0.13865858429499647,5.7515058295680905,0.7224321065004455,0.07647058823529412,23531.62303700786
SDP,7780130400.0,210.2,1000.0,700.0,11114472.0,0.8506234034329296,0.2438482632669865,,,0.0,-5893.7056757172095
SDT,186398340582.0,10366.9,5700.0,3800.0,42732311.0,0.37731949484314103,0.3615104554829166,2.8173014346961227,0.21108301472025381,0.0,20664.855510903682
SDU,166000000000.0,20.9,27100.0,7600.0,20000000.0,0.18374,0.5148567437800335,7.211016549700917,0.4252281263881265,0.0,19518.93462575
SDV,322000000000.0,190.0,36800.0,27179.0,10000000.0,0.7825338,0.02913015201168217,8.247760166484712,1.8684042367144706,0.0464333850931677,17233.9579237
SDX,4000000000.0,0.0,1600.0,1600.0,2500000.0,0.46104,0.0,,,,2952.2319796
SDY,3600000000.0,270.1,1900.0,800.0,4500000.0,1.0,0.1841783361070326,0.5642955011716101,,0.0,-1668.6662115555555
SEA,5849555400000.0,228.5,64700.0,35300.0,124990500.0,0.2817008,0.5808478057595116,28.425252789624135,2.3838363508643114,0.014918855664654446,19632.22013249007
SEB,1379198663900.0,624.3,49399.0,42000.0,31999969.0,0.37990714928505087,-0.027633403783097372,9.868252252018314,2.8535294877862634,0.09178859783841761,15104.101844567413
SED,163183680000.0,6233.0,28400.0,17500.0,9271800.0,0.92134,0.2588018079708901,4.513190858742072,0.4616034570372967,0.0,38127.964016911494
SEP,126000000000.0,530.0,26000.0,14600.0,8400000.0,0.5553865476190476,-0.25942800631222995,25.02677374186164,1.3635983640164386,0.034,11000.306538809524
SFC,203246262000.0,2.0,22932.0,16850.0,11291459.0,0.07491308253432971,-0.20533372670601763,8.118831692557775,1.1503639595846065,0.09443955763870333,15647.221777097184
SFG,526870663000.0,5393.0,12463.0,9683.0,47897333.0,0.9946837332258145,0.22127893729257242,16.444241034949663,0.7882109239309338,0.045249917056019495,13955.655353190541
SFI,680736952000.0,2070.0,29500.0,23800.0,24312034.0,0.18822418945116678,0.008853564077473891,7.229078264369666,0.8616362720156722,0.10542164956545506,32496.31069325586
SFN,45253570000.0,68.0,25800.0,15800.0,2864150.0,0.3323966666666667,0.2181528580212763,4.3011295487604375,0.5304913273767322,0.04430379746835443,29783.710278791263
SGB,4402000730400.0,10455.8,13903.0,11500.0,360819732.0,0.30777122244522925,0.3408462229312935,38.883153849007606,1.0315442839638007,0.0,11826.92802399177
SGC,769794366000.0,1173.8,113942.0,75400.0,7147580.0,0.18808967510681937,0.2761719087422941,5.741071892466145,1.55012701716413,0.009285051067780872,69478.17747027666
SGD,79647100000.0,0.1,32600.0,9800.0,4043000.0,0.46663616126638635,0.008002760171179993,138.73598681982085,1.7062588971315071,0.0,11545.727341330696
SGH,299211220000.0,880.4,30200.0,18000.0,12364100.0,0.9107059955839891,0.07864998416944878,18.452767238708088,1.9949563580988763,0.02891006226303947,12130.591178977847
SGI,792379350000.0,80.3,13800.0,10100.0,75464700.0,0.5397879405867909,0.11694230944015033,635.4401554581992,0.40222836471427975,0.09523051301122373,26104.57372258818
SGN,1795524477600.0,9710.0,67188.0,50600.0,33498591.0,0.0927632858035648,0.3019987061819721,10.702179908370782,1.440895649310491,0.04664179104477612,37199.08518403058
SGP,5209066733185.0,50298.6,31300.0,23200.0,216278461.0,0.08263626631597765,0.7846406740451104,13.126544570194142,1.6071012506161448,2.0307443547168877e-06,14986.610203163042
SGR,1065593582250.0,163303.0,34750.0,14350.0,69874989.0,0.3369198281122943,0.8007995161057034,16.644258300063502,0.755194697275408,0.0001499169933650377,20193.46806196993
SGS,188873160000.0,1250.0,16300.0,9204.0,14420000.0,0.11577295423023579,-0.035991634504795804,15.78046187039115,1.0509593305944858,0.00033104836070937764,12462.899009223302
SGT,2271849242800.0,8054.2,19000.0,14700.0,148003208.0,0.33766861541764165,0.24109183680053123,6.8483920285184965,1.053470703239166,0.0,14570.8845559753
SHA,138367410080.0,12145.0,4280.0,3720.0,35118632.0,0.3220409895237377,0.13862876254528259,8.597814658590295,0.312972044180358,0.0,12588.983819045116
SHB,68310279691500.0,56902643.7,18776.0,10841.0,4793703838.0,0.8121935095547445,0.8927922219895709,5.603838822368471,0.8209634090487243,0.0294572501984703,17357.65546056665
SHC,45250275000.0,961.1,15344.0,9200.0,4309550.0,0.23925931941850076,-0.08446582920829865,5.4585638567194525,0.5221755516776232,0.047146343309515795,20108.180029237392
SHE,422525473500.0,2321.7,8000.0,6500.0,65003919.0,0.8907101585675166,0.15427120605036118,33.71725495228694,0.6463452048201984,0.0,10056.545560368444
SHG,54000000000.0,1020.0,2800.0,1900.0,27000000.0,0.9951925925925926,-0.1526686489244349,,,0.0,-40223.63852574074
SHI,2421781073250.0,413040.0,18050.0,13700.0,169949549.0,0.8221918606169627,0.1400158002631337,48.06705234041418,1.294933023251829,0.0,11004.43014744923
SHN,479546443900.0,8667.0,6900.0,3300.0,129607147.0,0.9998379718982626,0.5117310945051959,148.66927096861954,0.301964559025471,0.0,12253.093581382514
SHP,3441015968000.0,4010.0,34800.0,33041.0,101206352.0,0.7293504364232,0.01025619102578524,10.66428299144181,2.6358899287465043,0.05859883699324932,12898.86942136794
SHS,15650642628000.0,8299122.4,29200.0,12300.0,899462220.0,0.8634076114947885,1.5958668015057775,11.926579656480323,1.228858121312376,0.05195707950069742,14159.486516976778
SID,1530000000000.0,595.1,21900.0,12984.0,100000000.0,0.99930046,0.16715545440790236,13.522366446784083,0.6214622480220275,0.01956744705882353,24619.35547766
SIG,64000000000.0,220.0,9500.0,4600.0,10000000.0,0.1236662,-0.48207564108023454,5.1610927060058005,0.32201074458572687,0.0,19875.1131992
SII,1032353664000.0,0.1,24600.0,13400.0,64522104.0,0.004923181054356194,0.17744879009712872,22.095730227448286,0.7550894595935614,0.0,21189.54224127595
SIP,14187818459800.0,281637.0,67251.0,49160.0,242112943.0,0.512065310686947,0.7547393090153258,10.867323628304336,2.7535028576366543,0.027452164418622707,21281.98263440216
SIV,138220702200.0,60.2,43000.0,31476.0,3464178.0,0.4602503104632614,0.12571371280402338,4.542720221044796,0.5481983370593871,0.04358788447827752,72783.87638683693
SJ1,508618960200.0,60.8,16000.0,9781.0,43471706.0,0.28634327793092107,0.019528753584834847,17.593648769054848,0.8643986861402005,0.05556347162891314,13535.420851047345
SJC,28432606200.0,0.0,4100.0,4100.0,6934782.0,0.7365365425655734,0.0,,,,13574.940249888172
SJD,962530749000.0,45975.2,14624.0,12830.0,68998620.0,0.49024348602914086,0.10600675722327246,5.6534648062288015,0.8973816999930355,0.1194194223835648,15545.224512722138
SJE,576000000000.0,62619.3,25300.0,14400.0,40000000.0,0.57695685,0.4806494573086518,4.090904950814495,0.5034067868678771,0.0,28605.09706195
SJF,134640000000.0,0.0,1700.0,1700.0,79200000.0,0.9297638888888888,0.0,35.35411339584624,0.3133138277735677,0.0,5425.8696849747475
SJG,9440279352000.0,1658.3,24800.0,15822.0,449537112.0,0.9998938908518858,0.4333829576511998,5.334043023954763,1.2539114890503391,0.04761521213932823,16747.59357688359
SJM,34000000000.0,10.4,10100.0,4000.0,5000000.0,0.8209,0.3776043685278556,11.465385803493001,1.9325081177410595,0.0,3518.7433044
SJS,16866822747600.0,59473.0,81300.0,33436.0,297474828.0,0.388002332083036,0.47863160216181877,35.90888606683273,4.673275001548988,0.0,12132.819057557368
SKG,638377891200.0,98482.5,11850.0,9040.0,66497697.0,0.6831423650656654,0.47533787599611543,11.162220668663677,0.6909200906212615,0.052081366003296825,13894.515632578976
SKH,792000000000.0,881.7,28900.0,23900.0,33000000.0,0.11638484848484848,0.01190792560453397,11.922408932141034,1.820186854400539,0.04852664581818182,13185.459471909091
SKN,47000000000.0,260.0,9800.0,7100.0,5000000.0,0.7985566,0.018056998907909523,10.671706659720297,0.8145674219050623,0.0525531914893617,11539.8673544
SKV,602600000000.0,686.8,30900.0,25000.0,23000000.0,0.4828726956521739,0.1437797866051547,8.75837351979925,1.4464993765789766,0.06984732824427481,18112.693599608694
SLD,785730950000.0,178.0,13800.0,7700.0,78573095.0,0.9999623917067286,0.053460753794823145,135.12246588984138,1.0612716519772354,0.0,9422.658168028127
SLS,1490334029000.0,6418.8,195358.0,152200.0,9791945.0,0.42004984709370813,0.2211318886813559,5.196491516355955,0.8460196138252442,0.09993799534319027,179901.26648699518
SMA,193351942000.0,10.0,10701.0,7310.0,20352836.0,0.38616156490427184,0.09686596168268184,12.70584328961948,0.8185561867560557,0.051212264782941774,11605.80074246164
SMB,1187896590400.0,9760.1,40600.0,36389.0,29846648.0,0.3888771697243858,0.15694185366756694,6.637594298627307,1.8032561683163195,0.11295187991727398,22071.18472643896
SMC,894323069550.0,263597.5,16800.0,9040.0,73606837.0,0.4265507833368194,0.6023910007631966,4.544242157696338,0.8531445549260135,0.0,14241.43180642309
SMN,41171840000.0,330.1,13200.0,8600.0,4475200.0,0.9813639613872006,0.3018097391930108,43.633617177693885,0.5651273878456948,0.11543151824159426,16279.51537629603
SMT,64295242200.0,6501.9,15900.0,6369.0,6560739.0,0.6122205135732423,-0.045539417187632734,1.8001876665347876,0.6184568985779434,0.0,15845.890024888964
SNC,130000000000.0,2.0,28700.0,15955.0,5000000.0,0.1926366,0.08156803809492875,8.041626415666533,1.2434663039776364,0.046182075384615384,20909.2919662
SNZ,11267646590400.0,2353.6,38200.0,28643.0,376491800.0,0.9997070385126162,0.22330578846577048,9.459217812819857,1.5072039797792098,0.04343734124719518,19856.635466411222
SP2,505263500000.0,2000.1,24500.0,19800.0,20623000.0,0.15426588257977442,-0.03622719695063238,8.030871416029921,2.940137341934372,0.0,8332.944060321
SPB,199501305000.0,0.0,24000.0,10300.0,13300087.0,0.1910277729762219,0.035610919491748626,12.075769883107855,0.7598766882094798,0.0,19740.04497406671
SPC,118989000000.0,0.0,12100.0,7100.0,10530000.0,0.9998376068376068,0.06546507508388036,4.54516375743549,0.9007507283201774,0.0,12545.091160873693
SPD,102000000000.0,0.0,8500.0,8000.0,12000000.0,0.4958493333333333,-0.0213383203776536,9.265607839942408,0.7165990288679763,0.0,11861.58459275
SPH,68000000000.0,0.0,11700.0,6800.0,10000000.0,0.1591004,0.008785998326601891,1.9978572624771256,0.7356829926049107,0.00029632352941176473,9243.1115961
SPI,30267000000.0,0.0,1800.0,1800.0,16815000.0,0.781774011299435,0.0,,0.2770641018599997,0.0,6135.764209753196
SPM,124480800000.0,680.0,11287.0,8420.0,13770000.0,0.16481428571428572,0.13685918960364304,23.685069926753215,0.1559149356758184,0.055480443570414074,57980.33370450254
SPV,222422320000.0,22.5,30528.0,13114.0,10797200.0,0.07501565220612752,-0.0953290961645782,5.750095554322343,1.0660340262633117,0.02253740991461648,19323.961048605193
SQC,118028900000.0,43.0,19300.0,1100.0,107299000.0,0.35581090909090907,-0.14325256827894864,,0.21013817841736498,0.0,5234.650877268195
SRA,77759953200.0,61512.5,4600.0,1800.0,43199974.0,0.8226917219903882,0.24895524210860018,69.15893053316103,0.11778619121301856,0.0,15281.927206090448
SRB,14450000000.0,4696.5,2400.0,1700.0,8500000.0,0.9981058823529412,0.33040113269650556,662.4383691638377,0.37674659838381236,0.0,4512.316786117647
SRC,1540678903200.0,4322.0,56700.0,22799.0,28063368.0,0.49708237063910427,0.0076536724789971955,49.166067029332105,2.671183227129613,0.010936654466419126,20552.68970035956
SRF,238196799000.0,15530.0,9500.0,6470.0,33786780.0,0.21843385878620444,0.05973475514802793,17.439466038486803,0.6552082661877467,0.0,10759.937509670943
SRT,551598840000.0,56257.7,16374.0,5039.0,50310000.0,0.9959815941164778,0.3914116146638276,50.97299361229848,2.624808391119015,3.0633947671100977e-06,4177.066804989067
SSB,47792573371200.0,1903631.8,23100.0,16300.0,2844796034.0,0.7990940130085966,0.6729874169171168,15.280499363490685,1.1521344635873394,0.0,14581.63133814324
SSC,379573051000.0,20.0,35000.0,28050.0,13271785.0,0.03181065404815664,0.16219093158841047,33.239322431611335,1.0368260946759207,0.06988357558608659,27584.182291379795
SSF,87302485000.0,0.0,28100.0,20100.0,3106850.0,0.6843709375,-0.09236279374400112,,,,-15042.28208957626
SSG,40262958770.0,8108.8,11000.0,7500.0,4981190.0,0.596988,0.4259416081693169,31.886033532302054,0.7687672199926094,1.4517594281608728,10514.236025929547
SSH,25462500000000.0,122.5,108000.0,65500.0,375000000.0,-0.71014552,0.23615482155711498,147.8393099958012,4.381748719390284,0.0,15496.096273053334
SSI,82247744093000.0,15951130.3,37757.0,20387.0,2906280710.0,0.8902461466933581,1.2181330642310468,18.116220316504407,2.08020310572328,0.02523471381358705,13604.440798178783
SSM,25232132700.0,82.1,6600.0,4600.0,4947477.0,0.19918746037101456,-0.19281452012401593,16.270192395556997,0.4730116898918916,0.0,10781.974545207588
SSN,47520000000.0,0.0,1400.0,1200.0,39600000.0,0.4709191919191919,-0.060837031865327434,,,,11412.03674070707
ST8,81535259340.0,69190.1,7230.0,3170.0,25720902.0,0.9998250450159174,0.4584693706033598,38.54163707092557,0.2935150947554653,0.0,10800.125978669023
STB,138563355126000.0,7141285.8,73700.0,39000.0,1885215716.0,0.9603354707021762,0.8821638474441116,29.94784004618288,2.2539198708595047,0.0,32609.854924421816
STC,79317420000.0,36.6,17848.0,12604.0,5665530.0,-0.17227796869842715,0.28287440966579785,12.519496860164711,0.6265258845664807,0.10008573148244106,22345.445487359524
STD,138000000000.0,4019.9,19400.0,6300.0,20000000.0,1.0,,53.532774022470704,0.49857985112597875,0.0,13839.30775465
STG,3497819509200.0,750.1,44450.0,29250.0,98253357.0,0.30594955651235406,0.2375625898538984,11.071076319456623,1.3269638724637725,0.0,26828.160689786913
STH,421609500000.0,189717.1,24600.0,8200.0,19500000.0,0.2715353846153846,0.31856836064392835,12.344958978624046,1.8261285670963834,0.0,11839.801638051282
STK,1821600690000.0,17052.4,18622.0,12900.0,140123130.0,0.34657688463824077,0.23780033835008502,37.135388794321656,1.0572730766964624,0.0,12295.78269468431
STL,15000000000.0,0.0,1000.0,1000.0,15000000.0,0.11456266666666666,0.0,,,,-156157.10003853333
STP,60165472500.0,539.0,9010.0,7099.0,8022063.0,0.5924292396079219,0.01783297058427661,6.5517856028354124,0.43085565254597963,0.10666666666666667,17407.22201433721
STS,198958632500.0,0.0,72500.0,51800.0,2744257.0,0.5889630921808627,0.04453633787086304,6.721636635061305,0.9053732088563905,0.0,80077.47445009706
STT,7200000000.0,0.2,1900.0,900.0,8000000.0,0.141768875,0.02162155810784852,5.968143240039862,,0.0,-3464.28998175
STW,475893990000.0,10.0,48500.0,25800.0,15863133.0,0.2530322351833021,-0.003184932186820937,18.8975759769439,1.982490790308542,0.09358989955515093,15132.478872868303
SVC,1585552413000.0,1943.4,36450.0,13286.0,93267789.0,0.6135758665127315,0.04829178347559852,3.43086444106155,0.8416581404139694,0.0,20198.22441405789
SVD,99933386960.0,11272.0,7000.0,2960.0,27605908.0,0.7638236713677377,0.07455407903963829,76.49766339632825,0.3823616056890054,0.0,9467.477764868303
SVG,152620000000.0,10.0,8800.0,5200.0,29350000.0,0.7198228279386713,-0.06234313795895092,212.67961956969128,0.5088844325475085,0.0,10218.430094173766
SVH,88923972000.0,0.0,6000.0,6000.0,14820662.0,0.039510380845336056,0.0,1.5869695925493599,0.3040145341749267,0.0,19735.89853617875
SVI,477366656400.0,2901.2,67500.0,33600.0,12832437.0,0.048039199413174596,0.14901400355532082,17.492454011499436,0.5306362752313931,0.0,70104.51741878803
SVN,44100000000.0,78405.4,7100.0,1800.0,21000000.0,0.7227574761904761,0.3533315522010847,35.10526296382912,0.19664490621311045,0.0,10679.147710666666
SVT,186958562400.0,5751.5,12243.0,10500.0,17310978.0,0.4235159908354109,0.14657966730531238,8.392375109455783,0.7908848234994684,0.1388888888888889,13655.591407371669
SWC,1704340000000.0,8041.9,35500.0,24100.0,67100000.0,0.06650219076005962,0.35787778926409697,5.3155527047555955,0.8365968665772961,0.13772565626576858,30361.098654262296
SZB,1290000000000.0,5628.0,43500.0,35453.0,30000000.0,0.2700051666666667,0.11637921796566383,6.3951764343234245,1.5701117256550126,0.06976744186046512,27386.58612466667
SZC,4805622542100.0,549096.0,38633.0,26700.0,179985863.0,0.9305044585640596,0.8857028997107971,20.39753255459636,1.492413136317066,0.037328444624702105,17890.488464802373
SZE,261000000000.0,6206.4,11373.0,7600.0,30000000.0,0.9944345333333333,0.14675854180309905,27.343686745625515,0.7459304079292265,0.09195402298850575,11663.286423933334
SZG,2009266800000.0,90.0,43000.0,30800.0,54898000.0,0.5355022040875806,-0.23370931917897472,8.077494652239398,1.7876261313975677,0.040983606557377046,20474.07976263252
SZL,1498366398000.0,16052.5,53900.0,36664.0,27902540.0,0.2556015627991239,0.23313149995924737,10.236030415640002,2.089520876363008,0.054708313073101894,25699.671445001066
TA3,18248273200.0,10.8,9888.0,4500.0,2309908.0,0.7102992846468345,0.10189308067498698,36.63689126609926,0.4343103047452667,,13124.256868238908
TA6,17100000000.0,63.9,9781.0,4027.0,3000000.0,0.848715,-0.7702413576554387,12.743878617641528,0.49607804525346477,0.04220727736842105,11490.127520333333
TA9,142827550500.0,9420.0,13802.0,11300.0,12419787.0,0.973048330055902,0.16028005745492807,5.476536358506181,0.8461119037696847,0.12310255162571034,13591.582802184932
TAB,169000000000.0,1880.5,28100.0,9800.0,6500000.0,0.9297384615384615,0.14925306480001882,31.507768368093373,2.060622411008268,0.0,12617.546941692308
TAL,15660000000000.0,152245.9,54600.0,21853.0,360000000.0,0.9584413111111111,0.8094642266286691,20.215595437152743,2.756815394457682,0.029868696566091955,15779.076135258334
TAN,71002360000.0,650.0,45000.0,31000.0,1613690.0,0.7018634310183492,-0.086774243340058,7.124810741175106,2.2829366390567727,0.0,19273.421455174164
TAR,264720846260.0,19519.8,6200.0,3200.0,78319777.0,0.8335979557245164,0.1494715230583378,,0.24822547692023333,0.0,13616.652254781062
TAW,65500000000.0,0.0,35000.0,13100.0,5000000.0,0.749558,0.2126332018142404,7.801962511605866,0.9803506782563629,0.12213740458015267,13362.5653458
TB8,17375000000.0,0.0,14349.0,12881.0,1250000.0,0.248928,-0.007145232833871234,5.44607068468463,0.8474074809310725,0.11510791366906475,16402.9706048
TBC,2124075000000.0,2070.0,37444.0,33000.0,63500000.0,0.033506330708661415,0.08226738896816367,9.062830326981258,2.0355155050322464,0.04485345763544131,16433.18359270866
TBD,3825370256000.0,40.1,145600.0,78355.0,32418392.0,0.34190266496815036,0.022870083627040072,17.44964520995084,4.972691633588094,0.024893530019123984,23729.603340566675
TBH,1219843180000.0,0.0,13100.0,13100.0,93117800.0,0.02356519376531662,0.0,,,,12813.131439005218
TBR,58032000000.0,40.0,9019.0,5757.0,8060000.0,0.9430210918114144,-0.040721548669609635,17.376586230770794,0.35067306881932675,0.05140900709953129,20531.94453808933
TBT,6128939000.0,0.0,3700.0,3700.0,1656470.0,0.2931474762597572,0.0,,,,-45954.277452051654
TBW,124110000000.0,0.0,12600.0,12599.0,9850000.0,0.2536040609137056,-3.3593408133516363e-06,3.759614966043264,0.6856826368370503,0.09510273144790911,18375.848130152284
TBX,14786530000.0,0.0,22300.0,9500.0,1478653.0,0.30386766902067985,-0.03291892172240534,84.41760914013201,0.7186543738074618,0.0,13914.894787350378
TC6,350957934000.0,272553.2,11600.0,6122.0,32496105.0,0.8006594328766479,-0.4149824003558964,6.478286038128467,0.9117688843996301,,11845.10700550112
TCB,239869238013900.0,13646458.9,41300.0,26693.0,7086240414.0,0.608884614396601,1.1816632021195324,9.221004937576094,1.3559927353669592,0.029536555244276223,24963.260581805036
TCD,634701011490.0,0.0,3180.0,1700.0,335820641.0,0.5845981396956478,0.167535334523753,9.254937795240588,0.17566811874757865,0.0,11157.403027787681
TCH,15460251346800.0,10387574.4,24620.0,12850.0,912109224.0,0.634535900713575,1.2891589832882584,79.54001035864026,1.3449122433989593,0.0,12603.052788903711
TCI,1283392700400.0,234056.6,13400.0,8050.0,115620964.0,0.0032984329727608914,0.887464387658374,103.11860107822078,0.9424457650882505,0.0,11777.866070585607
TCJ,36000000000.0,20.0,4500.0,3600.0,10000000.0,-0.68721,0.01948227925530123,122.84311332247414,,0.0,-3833.3682248
TCK,71550000000.0,0.0,4100.0,3000.0,23850000.0,0.010046121593291405,0.13155784621498465,5.193056330920821,,0.0,-972.3277319077569
TCL,1035942276600.0,25416.7,36700.0,32300.0,30158436.0,0.41531596665026,0.273063244720571,6.128842624371061,1.4541174826640768,0.06882514054934169,23622.57548617574
TCM,2565687489500.0,499764.8,32772.0,22150.0,112038755.0,0.4969686828081223,0.45203593976392886,10.000791860378623,1.0491230197949128,0.0416797329127718,21827.754770338175
TCO,519922325200.0,497785.0,16600.0,8280.0,31320622.0,0.6727299987848262,0.29668712560420946,13.859571838912679,1.3478259344327561,0.0,12316.130425985793
TCR,111291597900.0,12315.4,3560.0,2430.0,45425142.0,0.44877658528734593,0.14828080979052766,90.06018904924885,0.3213168754928883,0.0,7624.871853499104
TCT,246169000000.0,2541.5,23410.0,15997.0,12788000.0,0.2786557710353456,0.24080112073689977,11.271562826807925,0.6770388337721338,0.025974025974025976,28432.637892790117
TCW,638873017160.0,4912.3,33000.0,29377.0,19991020.0,0.99550508178172,0.12283958851416005,5.182079330523594,1.5878946785708385,0.07184357715408887,20126.01996296337
TCX,117659599946400.0,1178747.6,62852.0,42363.0,2311583496.0,0.9544311385756666,0.9320634845864014,20.21534451348103,2.65533501015061,0.0,19168.956009476544
TD6,439739934200.0,85177.5,9655.0,6900.0,61935202.0,0.9993685981681306,-0.12388662672360705,7.6262110776038226,0.5774247728696745,0.039152106190495715,12295.974010111406
TDB,333125710000.0,560.0,42500.0,37076.0,8230000.0,0.777897326852977,0.11747015443034205,9.173205246906393,3.585768735736871,0.08630386812533923,11288.234959659781
TDC,1399508000000.0,167530.0,14500.0,10700.0,127228000.0,0.8320149652592197,0.39417242326318597,5.304035707941505,0.8259006508474476,0.0,13318.79323343918
TDF,270000000000.0,403.0,12400.0,7500.0,30000000.0,0.4281396,-0.03980496426028633,10.354048593246118,0.3194699517731233,0.0005903528703703703,28171.6635635
TDG,63675429700.0,92726.8,3630.0,2540.0,23242732.0,0.7891764186757392,0.24604173380859587,13.69561507604536,0.24532449326220085,0.0,11167.187274026135
TDH,463002872370.0,477930.1,5700.0,3460.0,112652767.0,0.924941666102174,0.6306974040290113,4.22864658915203,2.494717971338222,0.0,1647.4808163566902
TDM,6377140000000.0,12750.9,58656.0,52008.0,111100000.0,0.5816543924392439,0.10575344185618227,33.851135369177285,2.504900538692354,0.02414875633904854,22915.08150258326
TDN,317942247600.0,236741.8,12857.0,7714.0,29439097.0,0.9987925241049344,-0.04812364730411086,3.1488151944006555,0.8030500139399723,,13448.726495890822
TDP,2759452454300.0,345080.0,35700.0,24857.0,93699574.0,0.5187220061427387,0.019506646065289283,24.329944112570715,2.2419511297440073,0.0,13135.879551202655
TDS,100248222600.0,4173.1,8800.0,7800.0,12225393.0,0.20251365334431376,0.26376867278011196,11.330168332973999,0.44747929506376155,0.0005525260055832651,18324.87020171867
TDT,181613658400.0,49692.8,8000.0,6253.0,23896534.0,0.7276274458881777,-0.011534644903736898,10.577615431611129,0.6296850305259624,0.06578947368421052,12069.52624179724
TDW,416500000000.0,530.0,61674.0,42800.0,8500000.0,0.5578447058823529,-0.16907707706342265,7.056946558755946,1.528258485166996,0.05126423738295318,32062.638928941178
TED,710832000000.0,90.1,82000.0,46500.0,11847200.0,0.1718000877844554,1.006360366613561,6.306540248436114,1.980184855707505,0.03511293807819569,30300.201431730704
TEG,788866849860.0,86183.6,7780.0,5020.0,120806562.0,0.44536854711584295,0.5241467879347635,39.109055021529706,0.5823957763830172,0.0,11212.306587377265
TEL,72500000000.0,0.0,20800.0,8800.0,5000000.0,0.5521468,0.17141893591638133,84.54451971799291,2.099390515585068,0.0,5049.0844468
TET,166525848000.0,66.9,44200.0,27099.0,5702940.0,0.17570516260034297,0.16432020509240755,16.218983245152263,1.3813339990182214,0.027390611456306772,21138.985951807314
TFC,826352705400.0,7260.2,78481.0,39000.0,16829994.0,0.28688031617836585,-0.063645560638679,5.537865155529623,1.5350832009965516,0.04070718263422049,31985.23700091634
TGG,62789977000.0,0.0,2300.0,2300.0,27299990.0,0.3841609465791013,0.0,11.606893083263916,0.5300640400987033,0.0,4339.098346629431
TGP,74255081575.0,721.2,8300.0,4800.0,13093825.0,0.49301051611192,-0.11411940549155826,26.078174925307007,0.4674223389829307,0.0008056497108494356,12132.496731627312
TH1,85351280704.0,28889.7,8600.0,2000.0,13539226.0,0.7807567425917519,-0.03473287421184579,4.633357296089691,3.3909635130356754,0.0,1859.0586350357103
THB,110818329000.0,1810.2,12732.0,8200.0,11424570.0,0.258248669315344,-0.024645635273430836,24.325683589866244,0.7842483820956389,0.02660291191541067,12368.530457251345
THD,12704999076000.0,5478.3,33000.0,25400.0,384999972.0,0.8560272336850975,0.12359485037393855,121.68935726218054,2.858758473466866,0.0,11543.47256205255
THG,1370800298700.0,21621.8,55983.0,41255.0,31083907.0,0.7568852268152778,0.4057472069670937,8.502196785047538,1.754075705582783,0.06053927293691215,25141.446209898902
THM,99652960000.0,190.0,10700.0,5000.0,12152800.0,0.9980251464683036,-0.18156999680899966,143.20735990560834,0.7873970133673847,0.0,10414.060328895399
THN,125382561800.0,0.0,3800.0,3800.0,32995411.0,0.15028877803643664,0.0,1.9704066756086105,0.2796579991595414,0.3469613276477176,13588.025414685697
THP,129664710000.0,10.0,10300.0,7762.0,21610785.0,0.25408912098064035,-0.030966675095282916,3.2324108071446753,0.34147540476873084,0.11563339786129935,17570.811590555364
THS,24570000000.0,35.5,15567.0,9100.0,2700000.0,0.091397,0.008702211292593545,47.01790380349295,0.6878076448785974,0.08774214326414326,13230.443231851852
THT,216207657600.0,43417.2,10500.0,7800.0,24569052.0,0.9998730109733172,0.007132091921335334,2.1244304142226618,0.587712071693601,0.034080959050175656,14973.318439148568
THU,32977900000.0,0.0,12600.0,10000.0,3297790.0,0.42919652251962676,0.04701678854960197,10.704075353304434,0.9354062478457881,0.061360068409449964,10690.542235557752
THW,84966000000.0,71.0,21000.0,11195.0,4998000.0,0.67332,0.3650921187421618,8.145623082043151,1.3496533165202143,0.03529411764705882,12595.827233493397
TID,3748600000000.0,10571.0,26776.0,17800.0,200000000.0,0.51914381,0.26902326305032126,7.329565045325951,1.2215307637083146,0.0586645362001814,15343.86243626
TIE,28709700000.0,0.0,4600.0,2700.0,9569900.0,0.7035308623914566,-0.014582518538184522,,0.41888072214570193,0.0,7161.943344235572
TIG,1258440332500.0,391322.2,10700.0,6500.0,193606205.0,0.7064333862646602,1.101610627590864,29.236399981937492,0.6061101470896947,0.0,10724.123381221176
TIP,1183142997400.0,33530.6,20128.0,16344.0,65007857.0,0.25980777985036485,0.43028138665968385,5.068798546591503,0.6248942662945102,0.10435724621734553,29124.9271783563
TIS,884066664500.0,9854.7,5960.0,4400.0,183988900.0,0.14976460326086957,0.4632167072927012,35.0397308143226,0.5927062548432183,0.0,8106.882559002201
TIX,1234100000000.0,400.0,47711.0,33991.0,30100000.0,0.04664,0.12267613240764934,9.763068986489452,1.4539154356727528,0.07278168908516328,28199.71436717608
TJC,105780000000.0,32698.5,19895.0,7785.0,8600000.0,-0.14673488372093024,0.18490983797427535,21.90952502196961,0.5828229078614482,0.0,21104.18076244186
TKA,11400000000.0,0.0,3000.0,3000.0,3800000.0,0.15686842105263157,0.0,1.0859350302434936,0.2004471462300871,0.31146666666666667,14966.538842894737
TKC,18809654400.0,0.0,1200.0,1200.0,15674712.0,0.6623477339140806,0.0,,,,-29955.550311482595
TKG,15156748800.0,0.0,2400.0,2400.0,6315312.0,0.9360696668668151,0.0,,,,10382.892731823858
TKU,600081894400.0,3709.8,16400.0,10800.0,46881398.0,0.03361838740389098,0.11047286796035292,18.377910094567554,1.0707903100919882,0.005979458708027969,11953.787664459152
TL4,182466722200.0,0.0,13100.0,6800.0,15333338.0,0.7880937421486228,0.20577624576611186,121.46765517058739,1.0285579179255495,1.8332109875539816e-05,11569.59641514457
TLD,656914458200.0,381848.3,8630.0,6200.0,77741356.0,0.6956331453750305,0.2756108515434179,7.191463691841762,0.7307066244059996,0.0,11564.148616921475
TLG,4893986838000.0,164900.6,58800.0,39541.0,96528340.0,0.4633452828464677,0.6179902069535782,10.125559088216452,2.042517944528519,0.09373845960065494,24822.30334172327
TLH,521164878880.0,147255.7,6440.0,4420.0,112320017.0,0.491991877102369,0.5593970426597866,61.34207866828192,0.4155102771018638,0.0,11166.992143644351
TLI,18129000000.0,1092.2,7800.0,4100.0,3000000.0,0.8006853333333334,0.5109385585238079,,0.4259798087645932,0.0,9887.792598
TLP,1608743320000.0,1200.4,8400.0,5634.0,236579900.0,0.5901111580726965,-0.20677832035430835,9.704620442853015,0.6418889264133565,0.022187545372371772,10593.733152550154
TLT,185229700000.0,0.0,31100.0,10975.0,6989800.0,0.43800251795473405,-0.1851022050966723,8.729347696233733,1.8090989295982522,0.05591169005294507,14648.17626412773
TMB,813000000000.0,3034.9,70500.0,51500.0,15000000.0,0.9950734666666666,0.2348243311772508,10.049298065884104,0.9332948379136292,0.036887170664206645,58073.82383166667
TMC,97960000000.0,372.3,8500.0,7000.0,12400000.0,0.9045725806451613,-0.058092126891521316,9.249589383099377,0.49702837564710706,0.06329113924050633,15894.464757096774
TMG,1261800000000.0,170.2,79800.0,53247.0,18000000.0,0.19848888888888888,-0.2621676659938002,14.799989824273917,4.487684374518045,0.05611463187509907,15620.52812761111
TMP,3472000000000.0,4590.0,65454.0,48200.0,70000000.0,0.05418888571428571,0.08207618512531775,10.498016562140611,2.018751641351186,0.0444400087139977,24569.6394663
TMS,6891630463200.0,2520.0,42698.0,38773.0,172722568.0,0.14817700229315323,-0.024069130570667337,18.625471227419347,1.608582059626374,0.024540205964768365,24804.454184493134
TMT,442535760000.0,37400.0,14850.0,9280.0,36877980.0,0.43349202739349835,0.3255758682072607,7.2552435955027565,2.1366575055873036,0.0,5616.248728970513
TMW,111896400000.0,210.1,45000.0,23200.0,4662350.0,0.11190749813504304,0.12324026675079029,33.50460539375083,0.9023036587446213,0.041666666666666664,26598.58437611934
TMX,51000000000.0,800.0,11149.0,7900.0,6000000.0,0.28173116666666664,0.15881348811689916,8.230055383633239,0.5586853918256498,0.02915147868627451,15214.287189833334
TN1,871384460000.0,18725.5,18550.0,9275.0,60095480.0,0.4165284477301787,0.24172665167534127,3.26465901855602,0.7569126665322755,0.031246970481892688,19156.76753888978
TNA,182155847000.0,0.0,3700.0,3700.0,49231310.0,0.41177316225361393,0.0,,0.41345715154311347,0.0,8948.932159453
TNB,264859893000.0,36.2,11000.0,7000.0,29428877.0,-0.26001311568905605,0.06513469381687928,26.136388610491185,0.7785076856944424,0.0003131924734259407,11560.579510492364
TNC,596750000000.0,10.0,34107.0,26723.0,19250000.0,0.6360685714285714,0.05733606322095363,11.077634737986655,1.654006495782186,0.03851177725345622,18742.36895625974
TNG,2626117826400.0,1058874.5,26170.0,15202.0,128731266.0,0.532692283162973,0.8035410543835343,6.404281850939697,1.3579093191980338,0.10972517334190242,15023.09448177881
TNH,1674094624300.0,140410.4,15653.0,10000.0,165751943.0,0.5581588446296524,0.4248192369941271,56.677396949127825,1.0078474262933674,0.0,10021.358130709816
TNI,257250000000.0,133260.0,7220.0,1910.0,52500000.0,0.9413445714285714,0.4705144782533303,4.544002589736891,0.46997034680973254,0.0,10426.18972295238
TNM,23726864000.0,0.0,4100.0,4100.0,5787040.0,0.7499241379310345,0.0,,,,8239.189987627526
TNP,184600000000.0,0.0,27231.0,17600.0,7100000.0,0.05194788732394366,-0.10111153687325126,7.932509720859338,1.8208289396709236,0.07692307692307693,14279.210657042253
TNS,70000000000.0,4330.0,4700.0,2800.0,20000000.0,0.2839358,0.08263995573238282,12.609040805321653,0.7514130301179657,0.0,4657.89101295
TNT,532950000000.0,104591.0,11100.0,4600.0,51000000.0,0.714036862745098,0.5584150356981303,31.768414527727614,0.8945544074558435,0.0,11681.793653803921
TNV,379200000000.0,2420.1,24700.0,9300.0,23700000.0,0.5797794514767932,0.5493846676788092,10.09752228402581,1.511707131483893,0.0,10584.060673375527
TNW,203200000000.0,990.0,14900.0,10300.0,16000000.0,0.0156789375,0.25038024074061743,11.007935645021787,0.8935918332256612,0.008818897637795276,14212.305358875
TOP,22815000000.0,0.0,1100.0,900.0,25350000.0,0.9677317554240631,0.029150624718030753,138.68074535682246,0.14057933543701284,0.0,6402.078920078896
TOS,8657533627271.0,38864.9,194400.0,92313.0,44999681.0,0.8277660234969221,0.5354347683212992,8.512945827505998,3.823038921509767,0.01352974722639601,50324.101833633
TOT,154691745600.0,1495.5,19201.0,15300.0,9207842.0,0.1291202650957738,0.16288990276996665,6.365130767398211,1.0324318919603197,0.11862771752185852,16272.259827329792
TOW,285614225800.0,100.0,41200.0,31236.0,7978051.0,0.8054668062144733,-0.1274862444392696,7.6375214204845125,1.4471493880194874,0.08488523228173181,24738.28914718645
TPB,44384749968000.0,7377750.8,21000.0,12429.0,2774046873.0,0.586022090261919,1.119951962375047,6.0133748680565855,1.000660301272479,0.05952395815915977,15989.442151001462
TPC,185827363800.0,0.0,13800.0,8000.0,16816956.0,0.2813846393355556,0.1659047728097083,32.377432649722515,0.7981694915036148,0.0,13844.177355343025
TPH,25361418500.0,94.0,16654.0,9667.0,2095985.0,0.8838903904369545,0.09533423513283804,17.88584949074063,1.0066067255040108,0.05671646382870895,12020.583305701139
TPP,635151448200.0,600.5,12600.0,9357.0,62886282.0,0.6193237978355915,0.1424788338171454,2.765726310465122,0.6529820476996641,0.0,15467.50027137874
TPS,255000000000.0,0.0,67300.0,35885.0,5000000.0,0.7983334,-0.04885939082612977,7.038426094409554,2.5658194959052,0.13333333333333333,19876.6905004
TQN,48599730000.0,0.0,13500.0,13500.0,3599980.0,0.3792786111111111,0.0,0.9787151133747941,0.18212719599909635,0.22012707226974307,74124.02044594692
TQW,67892320000.0,0.0,7600.0,7600.0,8933200.0,0.20523440648367886,0.0,11.030780902140684,0.7110125745873936,0.07879973456496994,10688.981139905074
TR1,84961065000.0,0.7,19800.0,12771.0,4592490.0,0.3205984117548432,-0.12680171916614547,5.053904047746515,0.7135935397904869,0.09709586090993563,25925.122592101452
TRA,3316043200000.0,10460.5,80000.0,64167.0,41450540.0,0.4903959897594599,0.17773453704457717,12.30212134481308,2.3054303551304036,0.049923361673937176,34700.67955944603
TRC,2229000000000.0,40200.1,84800.0,62711.0,30000000.0,0.1200842105263158,0.6127422114471934,7.963739567398373,1.0007206979246595,0.032663227680574246,74246.49070823334
TRS,266673657000.0,166.7,44200.0,25846.0,7511934.0,0.23612492979165167,0.09129889049335332,5.214911990426863,0.8727096851461698,0.03671532561613313,40677.90309219969
TRT,39501964800.0,0.0,11000.0,3600.0,10972768.0,-0.09021652512839058,-0.06417155435696509,1.860268671515022,0.2611463373608596,2.404943664979419e-05,13785.37427092234
TRV,1694796610000.0,7582.0,19800.0,13000.0,130368970.0,0.9998277734341232,0.37104764568401616,27.590014921036637,2.14261418098323,0.0,6067.354596726506
TS3,22140606240.0,8159.7,6600.0,5100.0,3851880.0,0.9879020114853007,0.014942906842926965,68.01125006747182,0.5483461169599595,0.0,10482.430388797158
TS4,19261912800.0,0.0,1200.0,1200.0,16051594.0,0.3113374304467779,0.0,,,0.0,-32928.383071924196
TSA,618502408200.0,141301.2,16600.0,11236.0,40424994.0,0.560169557477238,0.17659735366381166,19.64353860640875,1.3852512491739548,0.031123565154778324,11044.927776909502
TSB,134235052000.0,2146.9,41700.0,18700.0,6745480.0,0.43396081524220664,0.3049967867652855,220.8445708095013,1.762009806742073,0.035175879396984924,11293.921250526279
TSC,462618473750.0,94395.5,3420.0,2340.0,196858925.0,0.5892631080861587,0.6646582709896445,100.31234517620364,0.23344467063644675,0.0,10066.625181860563
TSD,5860400000.0,31.0,6300.0,4100.0,1274000.0,0.4661315384615385,0.1325337605532933,2.5793117103884025,1.0421269113042602,0.0,4414.04971899529
TSG,30741000000.0,0.0,18698.0,10000.0,3074100.0,0.9478881623889919,0.20896962094913912,4.477548005606871,0.7109851541613568,0.11,14064.991289157802
TSJ,2356118100000.0,21.1,43900.0,21000.0,74797400.0,0.8682994652406417,0.4584015976144155,23.136883468024944,2.646672958736469,0.031544144327909536,11901.734929516266
TST,43680000000.0,0.0,10500.0,5800.0,4800000.0,0.735321875,0.24993568247326228,,,,6253.284642916667
TT6,135671638761.0,18983.8,7300.0,4700.0,22805789.0,0.4368889407860434,0.5843278435011351,7.990117623924716,0.546936635227198,0.0,10876.945548781496
TTA,1928438139600.0,337524.7,12400.0,9762.0,178559087.0,0.5651452507706874,0.5661356169132291,7.758849469788035,0.7971069363702277,0.0,13548.997640366519
TTB,182717249400.0,0.0,1800.0,1800.0,101509583.0,0.5957960934584866,0.0,943.3373671009207,0.17520016465846386,0.0,10273.962946946594
TTC,53464752000.0,2320.2,9450.0,4950.0,5940528.0,0.4562804096157299,0.23960102718599086,19.27243360301497,0.4453266341454009,0.044444444444444446,20209.88485737295
TTD,1614297600000.0,170.0,150700.0,67046.0,15552000.0,0.7228284465020576,0.02324300007580198,17.44422911080934,4.547053022834555,0.03334149291927337,22827.972200617285
TTE,965824560000.0,0.0,42600.0,33900.0,28490400.0,0.6507553772498806,-0.04310951554482502,10.628297431461213,2.524002710696222,0.0,13431.047382135737
TTF,1015313679720.0,639534.3,4060.0,2510.0,393532434.0,0.8705350738328402,0.7714340972873187,92.69456223039104,2.8172003019537164,0.020860548245386544,915.8028267321926
TTG,44832400000.0,28273.5,17600.0,9400.0,3400000.0,0.8087246376811594,0.019977962667280656,5.336869128687382,1.4634196064160034,0.0,9010.402718529413
TTH,89699630400.0,32065.6,3100.0,2200.0,37374846.0,0.9997400123066728,0.44654887287835815,20.684020703110814,0.22481675058596132,0.0,10675.36112742779
TTL,359941820000.0,617.9,10900.0,7100.0,41853700.0,0.3546231754898611,0.17628593363754627,7.553981654105377,0.6044488161488167,0.0,14227.83827221966
TTN,546541927500.0,35574.2,19900.0,14800.0,36727500.0,0.34580009529644,0.5123198338142433,7.567687528163622,1.0462345216124,0.05915331171001515,14223.388439779457
TTP,560906348380.0,2086.2,132975.0,39775.0,14999998.0,0.11166301488840198,-0.025670414426558378,4.244811263107732,0.7480214849130324,0.8434162905560516,49990.22394236319
TTS,579120000000.0,10.0,11400.0,4000.0,50800000.0,0.0631753346456693,-0.16939448354438452,220.64704219566948,1.8942692999321031,0.0,6018.151695964567
TTT,151730972000.0,1012.6,36900.0,27219.0,4570210.0,0.3149564243218583,0.1089940853926012,5.362889794895673,0.4795324197945577,0.060179229590646796,69234.10937309226
TTZ,13626799200.0,0.0,1800.0,1800.0,7570444.0,0.6374892938908207,0.0,,0.20655638686805666,0.0,8714.327488453782
TUG,102664008900.0,60.1,21300.0,13668.0,5375079.0,0.34474079357717347,-0.14015649755052442,11.738567567048593,1.1364000906441267,0.015933366693222907,16807.460820575845
TV1,647264485750.0,101829.5,38900.0,22000.0,26691319.0,0.9829648358704192,0.5665832239491905,4.309414714377362,1.2658623811446872,0.02391727487421474,19156.900750989487
TV2,2224987136750.0,593135.7,43050.0,30627.0,67526165.0,0.9623533197855652,0.5541401913871971,16.71513827023905,1.678809619184637,0.03040764365893137,19627.00214691594
TV3,158938726300.0,4973.0,18700.0,11012.0,9517289.0,0.7038032728389545,0.5584250333557812,9.583306809321405,0.9390557112262466,0.029427720253474815,17783.822408355994
TV4,271006454100.0,14228.5,16700.0,13334.0,19781493.0,0.9800032158195344,0.14598779840085843,6.343991541687385,0.9517158871169964,0.07294251742324095,14395.052331742603
TV6,19500000000.0,0.0,12600.0,5600.0,3000000.0,0.935,-0.34961188112309244,7.04140494664215,0.5294185690855905,0.0,12277.619977
TVA,88200000000.0,0.6,14500.0,12500.0,6300000.0,-0.3778679365079365,-0.028159063171214607,8.16388499369192,0.8751459403180738,0.0,15997.331822063492
TVB,829323544400.0,30800.8,10700.0,7090.0,109121519.0,0.26457494824193317,0.540136999000036,40.51229226239923,0.7765852811954016,0.0,9786.433227656957
TVC,721166775000.0,34569.6,12200.0,7100.0,96155570.0,0.7937556195986446,0.6398250149717933,13.881244562655647,0.4840518584593089,0.0,15494.207632776759
TVD,449628640000.0,82666.0,12700.0,9900.0,44962864.0,0.9965403671794573,-0.03551957953733838,5.873215879251596,0.66438358948523,0.07997870601614701,15051.545761008463
TVG,32473424000.0,0.0,16000.0,8545.0,2029589.0,0.1249553481024976,-0.0935218473101498,218.20211665182944,1.063281773047083,0.0,15047.751598476341
TVH,360360000000.0,10.0,90000.0,12200.0,4004000.0,0.4714537962037962,0.008699006839073646,14.155269327986836,3.9255688735870042,0.04600104937007437,22926.613415334665
TVM,17280000000.0,42.8,10500.0,6300.0,2400000.0,0.985455,-0.026174065084829747,9.563171070003143,0.5375063830197199,0.0639252025462963,13395.189764166667
TVN,6172512000000.0,616450.0,10500.0,6900.0,678000000.0,0.9999554572271386,0.8367009895488657,10.038784246168117,0.6902200335406905,1.0896698135216262e-05,13189.996751178465
TVS,2973828900250.0,56723.8,19080.0,13100.0,224439917.0,0.572760922915508,0.811010039329711,12.13427816893131,1.0150976169090795,8.447375535925472e-05,13052.931835605696
TVT,336000000000.0,4533.1,17100.0,14382.0,21000000.0,0.32232285714285713,0.04507437219645719,8.35169247902396,0.6407175683418843,0.06315064419642857,24972.001378714285
TW3,22133800000.0,0.0,32500.0,10415.0,1702600.0,0.15235142857142858,-0.10409099288244601,5.797077761925092,0.6408139445441126,0.07535466119690247,20286.699611770233
TXM,31500000000.0,7601.5,5600.0,4100.0,7000000.0,0.38768928571428574,0.41581209291477805,56.79448794457481,0.2846233559331993,0.0,15810.368004571428
TYA,567590767000.0,26600.1,20300.0,14038.0,30680582.0,0.19368056866833747,0.39105907385610733,4.516799503101968,0.8485756022710857,0.04432432432432432,21801.23957192207
UCT,37410415000.0,0.0,8800.0,6400.0,5344345.0,0.47754140123813116,-0.030348090557765398,,1.1179411129262455,0.0,6261.510484820871
UDC,105506240000.0,25698.3,5420.0,3040.0,34706000.0,0.9192728571428571,0.5256915361987724,,0.9397342593405813,0.0,3234.9570847115774
UDJ,119047500000.0,14332.7,7600.0,6200.0,16500000.0,0.48878787878787877,0.23330342158503964,23.134074907100928,0.5255710548480653,0.11218379218379218,13727.924956
UDL,194846340000.0,110.2,31300.0,10900.0,6516600.0,0.058581161955621026,-0.2433505460478995,6.223313211846416,1.4724689962776758,0.10453945401283904,20306.03026317405
UEM,38521980000.0,0.0,15800.0,15800.0,2438100.0,0.9480927771625446,0.0,24.245259538551206,1.4635918186227743,0.03164556962025317,10795.35960707108
UIC,539500000000.0,2920.0,66700.0,36300.0,8300000.0,0.8731234954260954,0.15893965989339992,4.993050663340825,0.9111695919666416,0.0,71336.88456361445
UMC,16022067900.0,0.0,8700.0,8700.0,1841617.0,0.25883503464618324,0.0,2.3066257555551206,0.5075784745362704,0.08140324333539992,17140.206759060107
UNI,319632240000.0,40.3,11500.0,5600.0,42617632.0,0.7006702296364097,0.13706578176563636,2499.1546616057826,0.7387591615467449,0.0,10152.15836281096
UPC,68081600000.0,2737.3,31300.0,12480.0,3400000.0,0.1145364705882353,0.11544455038810865,5.305576614494583,0.9831572431875089,0.04994007191370355,20367.037052058822
UPH,73120525500.0,80.0,11900.0,3700.0,13294641.0,0.14935002757878155,-0.2661791508190401,28.874391300210004,0.4628622106370302,0.0,11882.585948052301
UPS,857926900000.0,102.2,36400.0,14500.0,32374600.0,1.0,,60.08671572763998,2.495359438699045,,10619.712570873462
USC,56650000000.0,400.0,12000.0,6738.0,5500000.0,0.25296945454545455,-0.09870450295534224,42.54835866187679,0.9715159129968854,0.00956807842894969,10601.987947090909
USD,95200000000.0,1651.4,17484.0,15551.0,5600000.0,0.037589285714285714,0.07111551972947586,4.491212421077777,1.2555973807153549,0.11112608340336134,13539.371984285714
UTT,27600000000.0,0.0,9200.0,9200.0,3000000.0,1.0,0.0,161.3317067278332,1.1225912411331225,0.0,8195.324943666667
UXC,35400000000.0,140.0,6400.0,1000.0,35400000.0,0.357975395480226,0.06891678099169544,6.101870155496033,,0.0,-2579.5841554519775
V11,3359955600.0,3226.4,700.0,400.0,8399889.0,0.8005926030689215,0.6532036218110734,,,0.0,-7070.138302303757
V12,127996000000.0,290.0,12700.0,9700.0,11636000.0,0.5340040391887246,-0.14836211333549162,9.698097550428614,0.7646488537764932,0.05468975866433326,14385.688209264352
V15,4000000000.0,0.0,400.0,400.0,10000000.0,0.76171,0.0,,,,743.6615049
V21,70798755100.0,785.9,7200.0,5700.0,11999789.0,0.942350402994586,-0.016639021419450777,76.45675506190928,0.58158888947337,0.0,10144.622957537003
VAB,8286060820800.0,357324.5,14200.0,7275.0,816360672.0,0.8637837970225004,0.5724185398513484,5.772049417013176,0.7839266370255611,0.0,12947.640149736415
VAF,843703795200.0,5770.1,22400.0,17100.0,37665348.0,0.7136149385902395,-0.06842019688880763,4.950728924344818,1.1795869912039643,0.044642857142857144,18989.697383095994
VAV,1607999832500.0,115.6,49200.0,33000.0,47999995.0,0.5586541206931376,0.21586645838619062,10.43434421471667,1.8201532436016197,0.02385862561960186,18405.04370594205
VBB,14388425947624.0,206455.8,14500.0,8025.0,1076897384.0,0.8599382575898243,0.6745508997600331,12.58980818140407,1.145416816337357,0.0,11664.749294255877
VBC,164999120000.0,100.0,25900.0,19400.0,7499960.0,0.994851714113066,0.03887633617415282,5.8794167437469,0.8947528373491218,0.08129325974587016,24587.795737177265
VBG,41280000000.0,0.0,4800.0,4800.0,8600000.0,0.9851744186046512,0.0,13.410311976279583,0.4612660650102134,0.02071308745155039,10406.141626511628
VBH,44080000000.0,0.0,18700.0,5900.0,2900000.0,-0.0566551724137931,-0.03964304222488288,10.42875847458705,1.4494479693969935,0.0,10486.751039655172
VC1,178800000000.0,510.0,16500.0,8500.0,12000000.0,0.21449508333333334,0.36335432696211345,29.49277883009312,0.6930409679747926,0.0002524563758389262,21499.450521
VC2,363098520000.0,144187.3,9326.0,4500.0,75645525.0,0.7347914367703839,0.7447209595119905,23.27279955920787,0.39026074593822907,2.4050084258123662e-06,12299.469136872274
VC3,3587701954900.0,1370030.3,29200.0,24800.0,136414523.0,0.5406603371695256,0.46852313029886744,31.878834728292777,2.353374037644092,0.0,11175.444098265109
VC5,3500000000.0,0.0,700.0,600.0,5000000.0,0.7976482,0.004274083041968665,,,,-63639.7420106
VC6,248256083300.0,1312.7,43300.0,20000.0,10840877.0,0.3392609287975502,0.06202126664668524,8.520279385734751,1.3673121454373005,0.03901261460044955,16748.18736629887
VC7,749506336800.0,70587.8,12730.0,7400.0,96090556.0,0.48164263680826286,1.1371337649954474,26.72637910642947,0.7073646908088685,0.0,11026.843863355312
VC9,81806480000.0,52115.1,5900.0,3500.0,16695200.0,0.4487334117647059,0.30806525998593753,100.23555253392584,1.2734468164633836,0.0,3847.824610067564
VCA,106311254000.0,610.1,11850.0,6680.0,15187322.0,0.20839625313797916,0.33901482755511886,125.23186345721874,0.6192500757204058,0.001473569251661729,11303.995388061174
VCB,507189478205800.0,9988422.3,76000.0,55299.0,8355675094.0,0.8996513595170674,0.7571995058504213,14.112902170565974,2.1678959460415235,0.007413509470467169,27999.4988278083
VCC,244800000000.0,7310.4,13400.0,8700.0,24000000.0,0.23874791666666667,0.22010543447058376,10.559889576187162,0.8275512398883369,6.698506289308176e-05,12325.520775458333
VCE,40000000000.0,0.0,8000.0,8000.0,5000000.0,0.31504,0.0,1635.555003101421,0.7093186063608398,0.0,11278.4296482
VCF,7973740500000.0,424.8,334977.0,248655.0,26579135.0,0.012064350476416933,0.25867727993778483,15.885027691456644,6.384074372061595,0.15993074868689294,46991.93375830327
VCG,14254626808800.0,11948858.2,28600.0,18200.0,646468336.0,0.9999154189046005,0.8458209246542858,3.428202852658672,1.2574231937855693,0.033585907258157334,17535.86231666109
VCI,29781048453750.0,7597250.1,34972.0,23701.0,1147631925.0,0.8164153336881074,1.1190820508383965,21.458922112823842,1.719516979040859,0.014268944901652428,15091.447375224421
VCK,84491713728800.0,2459618.8,37900.0,26688.0,2434919704.0,1.0,,20.713171332938057,2.80728236151776,0.0,12360.708874770764
VCM,96000000000.0,26.1,11200.0,6500.0,12000000.0,0.8769845833333333,-0.09267666703457154,2.820114254646497,0.5846153382969859,0.0,13684.2116105
VCP,2018576650878.0,10844.0,27666.0,22800.0,83789658.0,0.5077706606703181,0.03500891933654441,3.9860776822680353,0.816950287811137,0.024897022140893392,29488.94242334776
VCR,8820000000000.0,27.4,49000.0,32300.0,210000000.0,0.7549618952380952,0.6158211916617343,,5.859392700848238,0.0,7167.978345933333
VCS,6272000000000.0,40006.8,50564.0,39000.0,160000000.0,0.04341063125,0.543681198947143,9.600507701865846,1.1941740131661545,0.09694952286989796,32826.03671475625
VCT,9460000000.0,0.0,8600.0,8600.0,1100000.0,0.41764545454545454,0.0,26.929140961399654,,0.0,-2033.2836563636363
VCW,2838675000000.0,14398.9,51500.0,29400.0,75000000.0,0.6405333333333333,0.01733041319751195,42.29998291336844,2.1625077194175337,0.0,17502.365267946665
VCX,196322000000.0,1048.4,12000.0,5700.0,26530000.0,0.3513013192612137,-0.0065835260367523305,11.380722599359292,0.7491776604207566,0.0,9877.496875499435
VDB,7810414200.0,0.0,900.0,900.0,8678238.0,0.3161243100269894,0.0,0.2815840629873048,0.06523370248121876,3.9624918835930623,13796.549417980932
VDG,172672260800.0,150.1,31000.0,7100.0,5774992.0,0.39574479064213425,0.7892696184846274,29.60952147570606,2.6206620810581094,0.0,11409.330571886507
VDL,190542950000.0,451.5,14300.0,7165.0,14657150.0,0.5933299447709821,-0.00860373283471987,24.27888422479682,1.208939177473749,0.11538461538461539,10753.229146866888
VDN,85454980000.0,0.0,37000.0,16800.0,3286730.0,0.043494972581852795,0.4360288943734248,7.051986956075766,1.0793614966851828,0.0766852908982016,24088.31524919905
VDP,1170419776000.0,5830.0,60500.0,34100.0,22083392.0,0.18932136874625058,0.2889470928913824,18.97964516103607,1.536005088496668,0.038740694753947834,34505.0940240521
VDS,3715470000000.0,763918.3,25250.0,13046.0,267300000.0,0.4769588640568232,1.2098076164517086,15.774436876522957,1.2512721897593273,0.0,11108.694106494575
VDT,19654400000.0,10.2,17557.0,5000.0,1965440.0,0.5322853915662651,-0.24430551703855513,12.287989779721585,0.7341479471960403,0.06812305692364051,13621.232665967926
VE1,18980096000.0,1224.6,5300.0,3100.0,5931280.0,0.7182195,0.08397027396164516,5.013367124926201,0.6407252289109185,0.0,4994.340562239517
VE2,15328048000.0,0.0,10000.0,6400.0,2158880.0,0.17706381099978374,-0.015392853286592236,,34.810055376247696,0.0,203.9640535833395
VE3,23120000000.0,40.0,9500.0,5400.0,3400000.0,0.8623523529411765,-0.17030350772941677,225.15592757509557,0.6100479139600243,0.0,11146.66544117647
VE4,787280000000.0,0.4,260000.0,259000.0,3028000.0,0.7679329590488772,0.0012970282045043989,7454.334672698484,26.06289953467135,0.0,9975.866255944518
VE8,2709000000.0,190.0,2800.0,1505.0,1800000.0,0.3509838888888889,0.17598012812283795,,14.402959190844038,0.0,-11980.756742777778
VE9,43910234676.0,3336.0,6000.0,1900.0,12023613.0,0.9600754191302462,0.6138784241120641,15.517787749070317,3.7015922171360125,0.0,986.6024634192734
VEA,44549348800000.0,258956.2,41600.0,32100.0,1328800000.0,1.0,0.27325895892641,5.837838032878872,1.5604333103504442,0.13891176391983534,21485.057885921884
VEC,1046820000000.0,3142.0,61900.0,8600.0,43800000.0,-0.4712945205479452,0.13669117823185747,13.755481404399625,2.194182890141844,2.6076826961655298e-05,10892.437502534247
VEF,15866036889600.0,14691.5,162655.0,90500.0,166604050.0,0.16680809980309602,0.5635584502884802,1.0300976545108804,2.3279156120961537,0.8031611226337735,40908.69939836396
VES,1433358814000.0,321.2,32000.0,5700.0,49426166.0,1.0,-0.5138961151273437,61.32504994453178,38.52664128258506,0.0,752.7258809635366
VET,240000000000.0,691.6,21100.0,15000.0,16000000.0,0.0509221875,0.07491804498798252,12.735113276798959,0.7515845897379084,0.0,19957.83336275
VFC,3515310448000.0,50.0,107201.0,78800.0,33801062.0,0.03514891176470588,0.0033356771866739905,339.65702187877463,5.307632571479949,0.007668563615864177,19594.423426902977
VFG,2085630700000.0,8881.6,68514.0,49005.0,41712614.0,-0.19585618124142298,0.26944454985330074,6.14801491072269,1.2140619698843875,0.09879491369205488,41184.05916689853
VFR,168750000000.0,1120.0,13100.0,9300.0,15000000.0,0.4327076,0.010264517395775215,6.392682803083745,0.5112808566572233,0.03528888888888889,22003.561943533332
VFS,1833573490200.0,634630.7,27264.0,12700.0,139967442.0,0.584568559879804,0.3981703879352013,12.843553996440004,1.042800260037237,0.10889905480593537,12562.329049987211
VGC,19861905000000.0,655670.8,64600.0,40100.0,448350000.0,0.6126045232519237,1.043892543272298,15.298037954229104,2.2907203716312705,0.049672098711075294,19338.89467637337
VGG,1817537400000.0,473.5,47228.0,38405.0,44100000.0,0.49548619047619047,0.22177019798455458,4.3145940963947025,0.7576353436083103,0.060658999369146406,54398.201387641726
VGI,264242381705600.0,515528.9,137000.0,64900.0,3043811200.0,0.9999918194663322,0.7069012248337884,23.740677255130503,6.443627948486151,0.015703916806419922,13472.689716729474
VGL,172515367500.0,0.0,21300.0,18300.0,9325155.0,0.1487803687981594,-0.14540074965242758,9.788893627090166,1.4512584264648551,0.08640906149998492,12747.557335508096
VGP,200343603200.0,13270.7,30569.0,24300.0,7825922.0,0.6176003920779988,0.24219273393214455,11.612904379944446,0.8048312138188257,0.015623035375256743,31807.911473178498
VGR,5837643189164.0,1730.9,86814.0,39240.0,82224959.0,0.059288068480520616,0.2226865625847212,11.753458545904234,8.091923808114508,0.04914430510801477,8773.686169512106
VGS,1464274889000.0,259295.7,34300.0,21505.0,61524155.0,0.5785531715145051,1.130806214643343,6.615445580539059,1.0920417182576176,2.212699285045241e-06,21794.039185584912
VGT,5925500000000.0,378233.8,15700.0,9690.0,500000000.0,0.7734424,0.8364722393736767,6.4289936712632505,0.7729050559492173,0.02530951936545439,15333.060521186
VGV,2078495428800.0,1110.4,58100.0,27353.0,35774448.0,0.0503571711295168,0.3003511865742749,40.11059213581044,4.78100963004198,0.01376146514621577,12152.24492226966
VHC,13579416119500.0,1451741.7,69200.0,49963.0,224453159.0,0.5043900939247701,0.6825071893813879,9.574659017182839,1.3748319989038162,0.03305544745443206,44005.37669201617
VHD,112898000000.0,1271.2,9100.0,2971.0,38000000.0,0.74375,0.26012090061636267,,12.91539772093368,0.0,-1181.8651171052632
VHE,109361986800.0,252471.9,5400.0,2700.0,33139996.0,0.8745745171484028,0.585293587920598,5.085204659606801,0.3044155201336769,0.0,10840.445975129267
VHF,49450000000.0,0.0,19300.0,2300.0,21500000.0,0.7568883720930233,-0.16518516157922492,6.5631075557920004,0.2117169569429381,0.0900083961172902,10863.560638744186
VHG,239100000000.0,232244.6,2500.0,1500.0,150000000.0,0.99874838,0.5517721385020606,126.73541890517035,1.8201969189577012,0.0,875.7294243266666
VHH,18000000000.0,410.4,4300.0,2100.0,7500000.0,0.4792518666666667,0.05487369570370598,,2.2372957295816507,0.0,1072.7236316
VHL,262500000000.0,533.2,13300.0,10000.0,25000000.0,0.12746412,0.01833213115576927,8.771987774496479,0.5158578231346483,0.0,20354.44560324
VHM,673615568656000.0,7030251.3,164000.0,58000.0,4107412004.0,0.1944236666595284,1.723040964866494,10.402004375689787,2.5685092097324804,0.0,63850.26745420205
VIB,54634291645500.0,5049076.9,22375.0,14596.0,3404005710.0,0.7275725113281317,0.9000512841080652,7.1980450003208105,1.1854474294882822,0.03816996500167427,13539.191701590888
VIC,1741563011424000.0,4211046.4,226000.0,38250.0,7706031024.0,0.31101211408774626,1.537327732069438,149.52646612191148,11.80189864314723,0.0,19149.461187012217
VID,193971327750.0,2580.0,5483.0,4631.0,40836069.0,0.6285749492685009,0.041819735060991445,401.79207723605117,0.40649537736507846,0.10526315789473684,11685.249733440307
VIE,32898086000.0,20.0,8900.0,4100.0,5061244.0,0.1694168469253804,-0.43681866906736394,92.92865515356574,0.7102782460288763,0.0,9151.343204358454
VIF,5495000000000.0,6710.1,18000.0,14900.0,350000000.0,0.08986685714285714,0.3858350645771103,11.363734066768675,1.099680202192119,0.04125372895359418,14276.877922057143
VIG,203099850000.0,46866.3,8100.0,4500.0,45133300.0,0.9036321297135375,1.0022487799798236,2493.6977299205737,0.5711188360743924,0.0,7879.270855310824
VIH,156800000000.0,0.0,28000.0,10563.0,5600000.0,0.40827892857142856,-0.27518063421800454,15.120066459388118,1.84332220208385,0.024374463966836735,15189.965144642858
VIM,14375000000.0,460.1,13518.0,9300.0,1250000.0,0.4221152,0.11582800638985717,11.091018275206652,0.6099880632524333,0.05905843478260869,18852.8279368
VIN,390150000000.0,95.8,20000.0,11794.0,25500000.0,0.045658823529411766,0.19162020855280573,22.363283988846472,0.6869169163313513,0.03918462129950019,22273.43603898039
VIP,780568727400.0,178720.0,14050.0,11400.0,68470941.0,0.3717957520110612,0.4366640152034739,11.051742117492465,0.605510357057217,0.08671835542972331,18827.093322406654
VIR,25544000000.0,0.0,3900.0,2800.0,8240000.0,0.3599123786407767,0.24967203827074375,150.20579750722598,0.6613278912511347,0.0,4687.538573543689
VIT,1274991432000.0,1102.4,26500.0,16900.0,49999664.0,0.54072222,0.2594668504720745,15.413708161502266,1.5183957261728296,0.0392159498056925,16794.040947595167
VIW,1819811407600.0,269468.1,67000.0,8100.0,58018600.0,0.01757022747877405,-0.18944998969843793,91.52836413833782,2.9047023536807592,0.0054516655811516195,10798.35252663801
VIX,45575352559200.0,34569917.0,33442.0,9973.0,2450287772.0,0.9783044446421862,1.4673023606137476,8.804933447347972,1.3971842829222232,0.0,13312.48871558871
VJC,104241917050800.0,1410316.4,219100.0,87000.0,591611334.0,0.46511976053521653,0.7710072678961277,41.77100164770778,4.013235876524742,0.0,43904.720634706435
VKC,18411445000.0,7693.5,1200.0,600.0,19279000.0,0.7350815,-0.06077970869924137,,,0.0,-15904.386678665905
VKP,4000000000.0,0.0,500.0,500.0,8000000.0,0.898157,0.0,,,,-16768.575061625
VLA,35963964000.0,1471.5,12200.0,7500.0,3995996.0,0.5492720713434147,0.06188548490096691,39.63381409247176,0.7964518033101718,0.0,11300.11880517398
VLB,2147790863760.0,18713.1,51653.0,38733.0,46720560.0,0.5585336170212766,0.48826292372292457,6.773627119207635,2.758474401154254,0.14139348719845118,16665.37125766472
VLC,2827200884355.0,80218.2,16600.0,13200.0,212491611.0,0.030222840185441486,0.40728139514822903,145.2027386816489,0.803882864645547,0.0,16550.918778280615
VLF,7175989200.0,88683.3,1100.0,600.0,11959982.0,0.5999965551787619,0.4567148399484297,,,,-7470.907411148278
VLG,114713253000.0,1912.3,9800.0,8000.0,14162130.0,0.42847975637712293,0.2690615324179872,17.649151889310534,0.6790572694694023,0.0895119136757459,11928.301726788273
VLP,3182599800.0,0.0,900.0,900.0,3536222.0,0.17176523419626935,0.0,1.8701017147716716,0.06337301196794508,0.2222222222222222,14201.628927708723
VLS,381073000000.0,6057.5,28200.0,14100.0,24500000.0,1.0,,32.512245099328986,1.45298779277728,0.0,10704.838731142858
VLW,1228250000000.0,0.0,49900.0,24659.0,28900000.0,0.1717678892733564,0.15151315879732138,16.37910263429234,2.397027524754707,0.03354666258253613,17730.292856920416
VMA,7560000000.0,0.0,2800.0,2800.0,2700000.0,0.47018814814814813,0.0,2.113783013147329,0.18553617233478795,0.2857142857142857,15091.396813703705
VMC,123612173100.0,4389.6,6373.0,4300.0,28747017.0,0.5705821233556163,0.36150546707278014,51.764592009002094,0.35589643278594757,9.313604198687349e-05,12082.166618922582
VMD,222339859200.0,2400.0,20700.0,14400.0,15440268.0,0.31481312371002884,0.09732485585004454,5.2486910006938885,0.5936886751542806,0.0,24255.136745294836
VMG,23040000000.0,334.4,5300.0,2400.0,9600000.0,0.6188298958333334,0.06518552100149262,77.83036564069842,2.602659934870679,0.0,-1340.4968441666667
VMK,229388608000.0,0.0,65000.0,17706.0,7909952.0,0.8569361735697005,0.4716802084407173,50.75572650948934,2.730161315534264,0.0,10622.08296447311
VMS,539999880000.0,1001.9,63000.0,17436.0,8999998.0,0.2654692812153958,0.009353127113924827,34.26763214425981,3.3780240340396874,0.013284271100208392,17761.862969413993
VMT,101965500000.0,0.0,19500.0,10600.0,6142500.0,0.303577207977208,-0.0398927778898241,179.40429792175888,1.151766217039462,0.0,14412.647075783476
VNA,809777047320.0,51674.3,23817.0,14000.0,33999960.0,-0.04816185077864797,0.45347166455667004,10.085803512781808,1.2921806241891742,0.025032100832057452,18431.63374698088
VNB,986445873840.0,20321.4,21400.0,13400.0,67894960.0,0.34636872117138634,0.6824638028279826,11.925290735586952,0.8180491936998526,0.0,17760.545590526897
VNC,760167854400.0,3425.5,41700.0,24464.0,20999112.0,0.19342806476361565,0.3267241337379799,8.8312410168688,2.191453101932106,0.019388001731055572,16518.71991606121
VND,25041833486600.0,7954825.3,26800.0,14300.0,1522299908.0,0.7581891392158969,1.2714566861634282,11.46136768068796,1.1675470252467013,0.030395136778115502,14089.368260369756
VNE,263397297930.0,925991.0,8380.0,3210.0,82055233.0,0.7750537682873189,0.4261646904504675,4.02481066262609,0.32251681649667757,0.0,9952.969382708352
VNF,472335662000.0,2185.8,17400.0,12636.0,31700380.0,0.24450313218488656,0.15705805824095875,8.038274958139667,0.7564294128182565,0.10069445772654786,19697.80622951523
VNG,659535402240.0,1020.0,8190.0,6440.0,97276608.0,0.22747030817521927,0.10287271797430701,69.7702939436501,0.6040007524062295,0.0,11225.151579678848
VNH,8825378100.0,17882.8,1800.0,900.0,8023071.0,0.941575239705594,0.041139439886125,4.03987783033794,1.061611840153058,0.0,1036.1602597060403
VNI,65250838800.0,728.4,13200.0,6300.0,10357276.0,0.4200192878860939,0.2232534078940672,1.3409466760600897,0.5413522853110904,0.0,11637.523606979286
VNL,268669253000.0,5230.6,22886.0,18187.0,14140487.0,0.8125025679808623,0.18551347513382413,4.876025121674032,0.8507612574927441,0.08947368421052632,22332.93986140647
VNM,127278286600500.0,3441647.8,73400.0,52058.0,2089955445.0,0.7474710725232709,0.5786474311532631,12.392681874014373,4.147847429074705,0.07963919075691094,14682.314391102247
VNP,360911487888.0,42231.2,24000.0,10600.0,19428913.0,0.9852590826877448,0.3086452077315842,16.439735201607355,1.3154106574477336,0.10561587890443924,14121.825678410316
VNR,4153046133600.0,14883.3,22000.0,18753.0,200630248.0,0.5419042247308591,0.184993652657984,9.499743692749064,1.0244325472373224,0.04391751238310877,20206.30841515483
VNS,542873536000.0,7870.0,10650.0,7950.0,67859192.0,0.10760543685813412,0.08063080769677475,17.426459522237252,0.4849405636407942,0.12496947723751264,16496.867038587785
VNT,407780376500.0,0.2,46800.0,24400.0,16644097.0,-0.10951102299668068,0.3581572918038647,19.20676040750499,1.7221706762911775,0.0,14226.232241256464
VNX,968293200.0,0.0,301.0,110.0,3227644.0,0.4757324537650373,-0.3086309130026758,0.017045315577299585,0.007908947792706528,22.771061492531395,37931.720863887094
VNY,68249815200.0,64295.8,7400.0,4200.0,16249956.0,0.6910476567678375,-0.27321665424295305,7.642882500458167,0.6164432306632224,0.0,6813.279457187453
VNZ,10297200768000.0,1760.8,450700.0,309500.0,28736000.0,0.1476744153674833,0.16919791356828048,568.7885517510047,13.936963778641793,0.0,25711.338975361916
VOC,1357704600000.0,40315.5,20215.0,11147.0,121800000.0,0.12695894909688013,0.0015914436565161265,19.70842319800602,0.6515253694689033,0.08970610764668545,17109.08050915435
VOS,1743000000000.0,859413.8,18500.0,12050.0,140000000.0,0.48834664285714285,0.7395409530000406,4.802657946391311,0.8221420268766109,0.08759172982501434,15143.368898557143
VPA,31659971700.0,153.9,3100.0,1500.0,15076177.0,0.1101530580332136,0.21147746541020507,,,0.0,-5859.110206984171
VPB,221753164647950.0,14275463.8,38650.0,16550.0,7933923601.0,0.5559616593086922,1.344886455498192,8.433705277486432,1.2736989101339409,0.017889097575215472,21943.961620459268
VPC,14625000000.0,10.0,3100.0,1600.0,5625000.0,0.9190092444444444,-0.18262725719469797,,,,-2551.883506311111
VPD,2563480577450.0,5709.6,26300.0,23650.0,106589629.0,0.589793871972291,0.10840409416697748,9.080471012327653,1.548880280094399,0.008783858348713857,15527.345986052733
VPG,309455128500.0,348941.9,12300.0,3480.0,88415751.0,0.6967713818321806,0.7455449453214874,4.540949063507539,0.3352143923556431,0.0,10441.079141633938
VPH,390966980000.0,151690.7,6140.0,3540.0,95357800.0,0.6343669421903609,0.5133360448069273,3.0722140717745465,0.3856226476230508,0.0,10632.155619676629
VPI,19683048985500.0,5519388.9,62500.0,48400.0,320049577.0,0.45557431872500176,0.5274457106845745,71.12144434411222,3.7303709717650015,0.0,16486.29599187066
VPL,164086984495500.0,1088311.8,106300.0,70500.0,1793300377.0,0.9804820545130571,0.9827688741070786,65.13158715583403,4.3064132591229525,0.0,21247.3802429809
VPR,81543331800.0,1892.8,10300.0,7300.0,10067078.0,0.5273355386736847,0.22950017042449364,8.479172348367344,0.6323536367739993,0.03051383963685428,12809.288235176085
VPS,216722617120.0,4689.4,13300.0,8200.0,24460792.0,0.7018973056963977,0.25462761461789046,7.270123720356682,0.6301739016987515,0.06296965407373076,14059.611126573498
VPW,106102422000.0,0.0,9500.0,9500.0,11168676.0,0.9904670884892712,0.0,14.104199943471816,0.7023998797414206,0.010507600005587054,13525.059263246601
VPX,51562500000000.0,980808.2,33000.0,27200.0,1875000000.0,1.0,,13.845591178286053,1.507676375666248,0.0,18239.988663248532
VQC,64792440000.0,103.7,20700.0,11422.0,3599580.0,0.9779749304085477,0.13104815787548102,6.529023191693386,0.7292153486969057,0.05577015891051487,24684.066280510506
VRC,640000000000.0,22650.0,15800.0,12250.0,50000000.0,0.68859332,0.1369137356670916,1024.0150553688584,0.6504163144893048,0.0,19679.70316066
VRE,81576230919000.0,11529055.4,43400.0,24050.0,2272318410.0,0.3870563510359745,1.4686543979918247,12.655475137311578,1.6323584270645446,0.0,21992.718881329663
VRG,439073381808.0,3572.7,25199.0,14224.0,25894868.0,0.31796601550546616,0.36444784284648696,14.16667475776091,1.2766134505354618,0.20579426660054856,13282.015783938346
VSA,269242882600.0,2075.0,23405.0,19000.0,14096486.0,0.4190817484584456,0.09297173675383255,11.732171145921564,0.7898867416196029,0.07858537910335091,24180.681854257862
VSC,8273585000200.0,5417315.6,36200.0,15600.0,374370362.0,0.5576146210648578,1.2766374160261738,30.22991872887554,1.6017959247712363,0.018099821237876935,13797.013501052736
VSE,69683738250.0,6160.6,9600.0,7500.0,8937250.0,-0.21625779742090687,0.15170463924660121,24.97592799877851,0.7542806630393943,0.0,10337.001042266917
VSF,13155000000000.0,13158.7,33600.0,24400.0,500000000.0,0.1014706,0.017582387435094417,445.40266036213035,5.711194485586193,0.0017295496541239073,4606.742086336
VSG,16886276000.0,279.5,2600.0,1200.0,11044000.0,0.7504068272365085,-0.08718809646136479,,,0.047375750579938404,-73984.88847573343
VSH,10264682138700.0,4682.3,49103.0,40725.0,236241246.0,-0.7247508675940526,0.015442932680063044,11.899605698221604,2.1126960465729656,0.05753739699579227,20566.13873561266
VSI,349799920500.0,1223.9,29950.0,16236.0,13199997.0,0.3506656818181818,0.21617538080418383,8.77107885890379,1.6618723980400076,0.06368373828718465,15945.869268455137
VSM,73474135000.0,671.4,17237.0,13900.0,5032475.0,0.5461497573261666,0.25281375156082353,5.7675397269630295,0.7440606040339302,0.0,19622.057559352008
VSN,1148974540000.0,2511.1,18160.0,14000.0,80913700.0,0.3223042404123869,0.3045938630894341,14.002247957366219,0.8998224264522617,0.035209957306799856,15780.891409860134
VST,214083944700.0,8160.0,3920.0,2900.0,69059337.0,0.49751294528403545,0.0819819435972677,0.8655637420588067,,0.0,-5325.901646927193
VTA,12584000000.0,8710.0,4400.0,1400.0,8000000.0,0.408595625,0.017375255633243828,,4.81018156304773,0.0,-1432.67734325
VTB,148021924000.0,3985.6,26400.0,8791.0,10804520.0,0.32476178951014223,0.07004796249283152,8.66869217160539,0.7726237453161325,0.1174564492216707,17731.787410176483
VTC,57067201800.0,9707.2,28182.0,7282.0,4529143.0,0.7896341893701364,0.6349962815249542,9.898171095496489,0.9134084051551614,0.05407398755619379,13794.486594262977
VTD,141984000000.0,416481.6,10300.0,5900.0,24000000.0,0.9743458333333334,0.17635287644351086,92.80409417695998,0.5407442611727112,0.0,10940.476718458332
VTE,115440000000.0,1.2,12100.0,4000.0,15600000.0,0.6095748717948718,0.3814113720078742,54.165595122158436,0.6723045920564027,0.0028078539934164935,11006.915745384615
VTG,72713550000.0,90.0,9700.0,3400.0,18644500.0,0.7298659121993081,0.27775134576427163,22.338792970825722,0.48402343391238906,0.0,8057.461120169487
VTH,93739905400.0,392.1,9200.0,7600.0,10899989.0,0.7339446856322516,-0.1698995978604872,7.730318115646644,0.8570928689069979,0.0,10033.918507532439
VTI,20542862400.0,0.0,8600.0,4500.0,4279763.0,-0.24229729543435,-0.04697808519644283,3.244970779713556,,0.004867870798764636,-50699.73747261238
VTJ,41040000000.0,140.0,4400.0,3400.0,11400000.0,0.9996140350877193,0.015714831822863,275.1548708251802,0.42280342751406086,0.0,8514.595118508772
VTK,460988706670.0,3917.3,69300.0,45300.0,9383230.0,0.9612645112610476,0.5499058417576178,12.701137924357507,2.907430468796113,0.03050655644383749,16897.73857957228
VTL,71851886400.0,1241.1,10435.0,4500.0,10119984.0,0.2551951663164685,-0.32216876426244684,,11.480315426053345,0.0,505.2125995456119
VTM,71499574600.0,0.0,21800.0,21800.0,3279797.0,0.9988703569153823,0.0,17.38532398703,1.9743285212128288,0.01834862385321101,11041.728752724635
VTO,954406658700.0,232101.0,13600.0,11300.0,79866666.0,0.9743877126409659,0.3611817323045663,7.2015968630757,0.7856958522291541,0.08359645956229539,15209.44773489105
VTP,11420106720000.0,472429.9,94819.0,60761.0,173031920.0,0.9995398991536044,0.6120778960765894,30.490244148126447,5.039055834480408,0.011521718334520082,13097.691743835472
VTQ,102490746000.0,203.4,19600.0,6000.0,17081791.0,0.3778426981105201,0.14985085322340833,16.129301950128635,0.7885421398434613,0.0,7608.978261061735
VTR,675416321049.0,20392.6,16034.0,10247.0,65913567.0,0.5752091509090895,0.5445238956752902,272.8826663440864,0.8892336215361277,0.041162657065823303,11523.405943984188
VTS,8400000000.0,0.0,12700.0,4200.0,2000000.0,0.3765284058384016,0.07950856308537836,11.536416819507366,0.6816232812124149,0.0,6161.7613655
VTV,461757410000.0,42612.2,15800.0,11500.0,31199825.0,0.9989455069058881,0.14062577542742094,703.7299292986878,1.163537765864316,0.00013929327089737443,12719.827782303266
VTX,125833926000.0,0.0,9300.0,5000.0,20972321.0,0.04659531961197809,0.07162544677878986,,2.4458853330088237,0.0,2453.099464241464
VTZ,1591740509700.0,1065117.9,20900.0,16300.0,76159833.0,0.5689579834031411,0.28538637269485434,25.395739795155517,1.79124963228606,0.0,11667.832123056258
VUA,3140000000000.0,100.8,25800.0,10800.0,200000000.0,1.0,0.1767589170534893,128.08184344299337,1.6108444319504296,0.0,9746.440865795
VVN,159500000000.0,0.0,3800.0,1800.0,55000000.0,0.9926818181818182,-0.11834945038471094,,,0.0,-54121.23199765455
VVS,2456002500000.0,153206.3,160500.0,17639.0,21525000.0,0.33596747967479673,0.15022403122896166,5.321011709855906,3.00003632663457,0.008764241893076249,38032.87279790941
VW3,19742000000.0,18443.5,19200.0,8500.0,2000000.0,0.278067,-0.06159167326811828,11.125457543133225,0.5358514342742695,0.07020565292270287,18421.150656
VWS,54000000000.0,0.0,24500.0,15000.0,3600000.0,0.4497102777777778,-0.3041982601498575,23.197980658399235,1.0716275978695018,0.05333333333333334,13997.399870833333
VXB,164794544200.0,0.1,40700.0,15400.0,4049006.0,0.9947888444719519,-0.21520023393977228,,,,-12290.436899821832
VXP,109884600000.0,0.0,30600.0,30600.0,3591000.0,0.09497222222222222,0.0,281.09151996147926,4.5016632243429955,0.0,6797.487611807296
VXT,407608989600.0,331.1,67800.0,10000.0,6011932.0,0.41240253549108674,0.35857874096027614,93.12135945179625,6.204223963126996,0.004424778761061947,10928.038768901577
WCS,878990331000.0,701.6,334931.0,260000.0,2999967.0,0.6060756668323352,0.08788932576398076,10.502604626332838,2.858848017470118,0.056880546075085324,102488.83403717441
WSB,774300000000.0,492.7,62756.0,46913.0,14500000.0,0.07994689655172414,0.04018657015546086,7.004123941102135,1.0055144535550182,0.09288284902492575,53107.1431257931
WSS,316890000000.0,12761.4,9100.0,4800.0,50300000.0,0.39816341719035936,0.807363663650712,5.806467313681064,0.5854990562943967,0.0,10760.051501829026
WTC,175000000000.0,902.6,11100.0,9000.0,17500000.0,0.5020391428571429,0.02737915633472546,15.359600068846888,0.577272269975403,0.05759356378285714,17322.848368285715
X20,208725000000.0,971.1,13200.0,11500.0,17250000.0,0.28107304347826084,0.1646204778207859,6.007639340953736,0.7145538825933093,0.09702206348065637,16933.642507246375
X26,75000000000.0,0.0,24201.0,15000.0,5000000.0,0.3630152,0.09152682707776476,2.7842878898972465,0.22575374486618416,0.09023917013333334,66444.080513
X77,402263100.0,0.0,300.0,300.0,1340877.0,0.3309900908136988,0.0,4.136199753403123,,0.0,-143700.42758358896
XDH,437835893400.0,0.0,22924.0,12136.0,27026907.0,0.17139190215143746,-0.08641087802953121,12.104715454688973,0.7718374191132199,0.04198063070449948,20988.876152975994
XHC,347927250000.0,0.0,23500.0,13900.0,21086500.0,0.2537374445998151,-0.09555496741934683,5.355436046860376,0.8579420109389224,0.06091269079958526,19232.069055509448
XLV,45300000000.0,201.0,15500.0,10900.0,3000000.0,0.34913333333333335,-0.14004665731667912,4.102667617510212,0.7196639641005932,0.11683283664459161,20982.014875333334
XMC,642635361000.0,1464.9,10500.0,5800.0,71403929.0,0.1578126779226232,0.887398323438522,26.003502463833012,0.7218284198571393,0.02562824765567172,12468.337006987389
XMD,24000000000.0,40.0,8800.0,4500.0,4000000.0,0.1189125,0.4704908695730624,5.830683170408902,0.5149973539032542,0.0,11650.545298
XMP,229695000000.0,550.0,19900.0,13855.0,15000000.0,0.8006590666666666,0.06804274053225705,7.521443278189251,1.165286498919126,0.05100028820827619,13140.974356266666
XPH,195793565175.0,1400.0,17800.0,8200.0,12972475.0,1.0,0.41201518559083256,185.09678372830692,1.3640689179783592,0.0,11064.69020815226
YBC,68678791940.0,1304.6,14900.0,5833.0,11774180.0,0.47866449152542373,-0.2435723346818492,10.183935584540036,0.4729009970990572,0.0,12334.505606420149
YBM,324962702500.0,1050.0,12212.0,10000.0,32174525.0,0.6763428830728658,0.16388545324021056,10.198511663704783,0.8885632301679588,0.0,11366.664360048828
YEG,1900758166850.0,830350.6,16000.0,9790.0,191802035.0,0.7305474157247601,0.8019513838185925,31.324912632039318,0.919657496290683,0.0,10775.750798499088
YTC,229152000000.0,11.5,51900.0,21000.0,9548000.0,0.43265134059488897,0.1406748141210312,17.861156734458454,1.202287730798568,0.00816574115434297,19961.943705488062
